data_iniSE,SE,casos_est,casos_est_min,casos_est_max,casos,p_rt1,p_inc100k,Localidade_id,nivel,id,versao_modelo,tweet,Rt,pop,tempmin,umidmax,receptivo,transmissao,nivel_inc,umidmed,umidmin,tempmed,tempmax,notif_accum_year
2022-10-02,202240,163,115,633,111,0.67398,63.1176,0,1,410830420224019260,2022-10-14,0,1,258248,17,88.655,0,0,1,75.6075,60.78805,20.225,23.5,104227
2022-09-25,202239,161,148,236,146,0.630051,62.3432,0,1,410830420223919300,2022-10-14,0,1,258248,16,100,0,0,1,93.0472666666667,82.4799666666667,16.8205,18.3333333333333,104227
2022-09-18,202238,156,150,185,149,0.347266,60.4071,0,1,410830420223819260,2022-10-14,0,1,258248,15,100,0,0,1,92.786125,79.355775,16.6701,19.75,104227
2022-09-11,202237,145,141,157,141,0.0448919,56.1476,0,1,410830420223719300,2022-10-14,0,1,258248,13.5,95.2931,0,0,1,86.489425,78.841975,16.138875,19.25,104227
2022-09-04,202236,169,166,179,166,0.140864,65.441,0,1,410830420223619260,2022-10-14,0,1,258248,13,NA,0,0,1,NA,NA,NA,NA,104227
2022-08-28,202235,167,165,175,166,0.0538119,64.6665,0,1,410830420223519300,2022-10-14,0,1,258248,12.5,89.8073833333333,0,0,1,71.2808666666667,54.9737,17.25265,22,104227
2022-08-21,202234,199,197,206,197,0.40849,77.0577,0,2,410830420223419260,2022-10-14,1,1,258248,14.1428571428571,85.7583,0,0,1,69.1254428571429,46.7628857142857,19.3788285714286,26.2857142857143,104227
2022-08-14,202233,202,201,209,201,0.165121,78.2194,0,2,410830420223319300,2022-10-14,1,1,258248,12.1428571428571,89.4049,0,0,1,69.4080714285714,43.8587,17.0436042857143,22.7142857142857,104227
2022-08-07,202232,196,195,201,196,0.00104507,75.896,0,2,410830420223219260,2022-10-14,3,1,258248,12,97.3359714285714,0,0,1,81.9167857142857,60.1692142857143,15.8095142857143,21.2857142857143,104227
2022-07-31,202231,210,210,215,210,1.96124e-6,81.3172,0,2,410830420223119300,2022-10-14,3,1,258248,14.2857142857143,90.1367571428571,0,0,1,75.8916285714286,58.9208714285714,17.6561571428571,22.4285714285714,104227
2022-07-24,202230,250,250,250,251,5.39687e-8,96.8062,0,4,410830420223019260,2022-10-14,4,1,258248,15.2857142857143,85.8928428571429,0,0,1,71.1638428571429,45.5004857142857,19.5810271428571,26,104227
2022-07-17,202229,331,331,331,331,2.35251e-6,128.171,0,4,410830420222919300,2022-10-14,8,1,258248,14.4285714285714,93.2324714285714,0,0,2,80.5231714285714,60.7407571428571,17.698388571428598,22.1428571428571,104227
2022-07-10,202228,334,334,334,334,1.43147e-9,129.333,0,4,410830420222819260,2022-10-14,8,1,258248,15,87.6664428571429,0,0,2,71.8453857142857,53.7728142857143,19.4194571428571,24.7142857142857,104227
2022-07-03,202227,526,526,526,526,0.459461,203.68,0,4,410830420222719300,2022-10-14,10,1,258248,16.5714285714286,83.4811285714286,0,0,2,63.3710714285714,41.6477714285714,21.9431714285714,27.8571428571429,104227
2022-06-26,202226,490,490,490,490,0.0174308,189.74,0,4,410830420222619260,2022-10-14,3,1,258248,12.8571428571429,97.2786428571429,0,0,2,81.9895428571429,57.5714428571429,17.2093714285714,23.5714285714286,104227
2022-06-19,202225,553,553,553,553,0.011455,214.135,0,4,410830420222519300,2022-10-14,6,1,258248,15.7142857142857,96.6752571428571,0,0,2,85.9602285714286,68.2991428571429,18.6783,23.4285714285714,104227
2022-06-12,202224,518,518,518,518,1.72506e-12,200.582,0,4,410830420222419260,2022-10-14,5,1,258248,8,95.5342285714286,0,0,2,78.9070428571429,51.9919285714286,13.3690371428571,19.5714285714286,104227
2022-06-05,202223,613,613,613,613,2.22045e-16,237.369,0,4,410830420222319300,2022-10-14,5,1,258248,14.1428571428571,96.4503428571429,0,0,2,90.5591714285714,80.2582,16.0685757142857,18.5714285714286,104227
2022-05-29,202222,711,711,711,711,1.11022e-16,275.317,0,4,410830420222219260,2022-10-14,21,1,258248,10.8571428571429,100,0,0,2,91.5590857142857,77.2595857142857,14.0572,17.8571428571429,104227
2022-05-22,202221,1013,1013,1013,1013,0.0454831,392.259,0,4,410830420222119300,2022-10-14,21,1,258248,14.5714285714286,94.7554,0,0,2,79.1868,57.6948571428571,18.4436142857143,23.8571428571429,104227
2022-05-15,202220,1033,1033,1033,1033,0.913925,400.003,0,4,410830420222019260,2022-10-14,15,1,258248,9.42857142857143,100,0,0,2,81.4699428571429,51.5809571428571,12.625,17.2857142857143,104227
2022-05-08,202219,1250,1250,1250,1250,1,484.031,0,4,410830420221919300,2022-10-14,30,2,258248,13.5714285714286,100,0,1,2,88.9491857142857,70.3148571428571,16.7664857142857,21,104227
2022-05-01,202218,1015,1015,1015,1015,1,393.033,0,4,410830420221819260,2022-10-14,13,2,258248,15.1428571428571,99.1517857142857,0,1,2,91.8647714285714,78.5264428571429,18.2653714285714,22.4285714285714,104227
2022-04-24,202217,719,719,719,719,1,278.415,0,4,410830420221719300,2022-10-14,8,2,258248,20.2857142857143,94.2362142857143,1,1,2,77.7783,60.8606857142857,24.6282285714286,29.5714285714286,104227
2022-04-17,202216,609,609,609,609,1,235.82,0,3,410830420221619260,2022-10-14,10,2,258248,15.5714285714286,95.6837,0,1,2,81.1001142857143,55.8098857142857,19.7409571428571,26.2857142857143,104227
2022-04-10,202215,411,411,411,411,1,159.149,0,3,410830420221519300,2022-10-14,6,1,258248,16.1428571428571,98.291,0,1,2,84.5742428571429,67.0343142857143,20.0451285714286,24.4285714285714,104227
2022-04-03,202214,313,313,313,313,0.999954,121.201,0,3,410830420221419260,2022-10-14,8,1,258248,19.8571428571429,96.6458714285714,0,1,1,86.8856571428571,72.5176571428571,22.7559571428571,26.4285714285714,104227
2022-03-27,202213,280,280,280,280,1,108.423,0,3,410830420221319300,2022-10-14,2,2,258248,15.5714285714286,93.0842142857143,0,1,1,76.4723571428571,54.2800285714286,20.8036428571429,27.1428571428571,104227
2022-03-20,202212,230,230,230,230,1,89.0617,0,3,410830420221219260,2022-10-14,5,2,258248,17.4285714285714,95.9938571428571,0,1,1,79.5355714285714,56.0063285714286,22.1088,27.8571428571429,104227
2022-03-13,202211,166,166,166,166,0.999987,64.2793,0,3,410830420221119300,2022-10-14,6,2,258248,19.7142857142857,100,0,1,1,84.5737857142857,58.4476142857143,23.2142857142857,28.1428571428571,104227
2022-03-06,202210,105,105,105,105,0.966827,40.6586,0,3,410830420221019260,2022-10-14,2,1,258248,22.4285714285714,95.9911571428571,1,1,1,78.0402857142857,54.5944714285714,26.3690571428571,31.8571428571429,104227
2022-02-27,202209,106,106,106,106,0.998399,41.0458,0,2,410830420220919300,2022-10-14,3,2,258248,23.1428571428571,99.1701428571429,1,1,1,77.5657571428571,42.3234142857143,27.0547714285714,33.7142857142857,104227
2022-02-20,202208,72,72,72,72,0.833145,27.8802,0,1,410830420220819260,2022-10-14,2,1,258248,22.1428571428571,93.8275571428571,1,0,1,67.2612857142857,36.1211428571429,27.5714285714286,35.4285714285714,104227
2022-02-13,202207,70,70,70,70,0.665175,27.1057,0,1,410830420220719300,2022-10-14,3,1,258248,20.7142857142857,85.0598857142857,1,0,1,56.9118142857143,28.9375714285714,26.9722142857143,34.2857142857143,104227
2022-02-06,202206,53,53,53,53,0.0102356,20.5229,0,1,410830420220619260,2022-10-14,4,1,258248,19.4285714285714,89.2698,0,0,1,57.9309571428571,29.5155142857143,25.2619,31.5714285714286,104227
2022-01-30,202205,59,59,59,59,0.00202614,22.8463,0,2,410830420220519300,2022-10-14,1,1,258248,22.5714285714286,96.7421857142857,1,0,1,75.7484142857143,52.0419285714286,26.6862428571429,31.7142857142857,104227
2022-01-23,202204,77,77,77,77,0.00923353,29.8163,0,2,410830420220419260,2022-10-14,7,1,258248,23.5714285714286,96.8122142857143,1,0,1,77.6477857142857,52.5765857142857,27.2519857142857,32.5714285714286,104227
2022-01-16,202203,109,109,109,109,0.0296739,42.2075,0,2,410830420220319300,2022-10-14,4,1,258248,25.2857142857143,81.8768857142857,1,0,1,54.5165571428571,31.1721285714286,30.6067857142857,36.5714285714286,104227
2022-01-09,202202,86,86,86,86,2.40432e-8,33.3013,0,2,410830420220219260,2022-10-14,15,0,258248,21,97.6034,1,0,1,68.8694714285714,34.2619571428571,26.8571571428571,33.8571428571429,104227
2022-01-02,202201,136,136,136,136,4.05592e-4,52.6626,0,2,410830420220119300,2022-10-14,13,1,258248,21.5714285714286,96.0657,1,0,1,70.3456571428571,41.7806714285714,26.7538857142857,32.8571428571429,104227
2021-12-26,202152,192,192,192,192,0.116831,74.3471,0,2,410830420215219260,2022-10-14,9,1,258248,20.7142857142857,82.5474142857143,1,0,1,51.2851,22.8526571428571,28.3918285714286,36.7142857142857,104227
2021-12-19,202151,188,188,188,188,0.0252718,72.7982,0,1,410830420215119300,2022-10-14,3,1,258248,22.7142857142857,82.9417714285714,1,0,1,53.5432428571429,28.1075428571429,28.7669857142857,35.4285714285714,104227
2021-12-12,202150,224,224,224,224,0.42442,86.7383,0,1,410830420215019260,2022-10-14,18,1,258248,23.1428571428571,92.5229857142857,1,0,1,64.0166285714286,36.8318714285714,28.6834571428571,35.1428571428571,104227
2021-12-05,202149,237,237,237,237,0.787905,91.7722,0,1,410830420214919300,2022-10-14,2,1,258248,18.7142857142857,94.3741285714286,0,0,1,56.4983,28.5571857142857,26.117,33.2857142857143,104227
2021-11-28,202148,230,230,230,230,0.783212,89.0617,0,1,410830420214819260,2022-10-14,2,1,258248,17.1428571428571,100,0,0,1,67.7184714285714,33.5978857142857,24.1163,31.7142857142857,104227
2021-11-21,202147,229,229,229,229,0.730929,88.6745,0,1,410830420214719300,2022-10-14,3,1,258248,20,99.1392142857143,0,0,1,67.9343285714286,34.8790428571429,26.0456428571429,33,104227
2021-11-14,202146,192,192,192,192,0.0591568,74.3471,0,1,410830420214619260,2022-10-14,3,1,258248,19.4285714285714,92.0592142857143,0,0,1,71.7356,44.6343,24.4183,30.5714285714286,104227
2021-11-07,202145,236,236,236,236,0.204348,91.385,0,1,410830420214519300,2022-10-14,0,1,258248,20.1428571428571,91.9682142857143,1,0,1,70.4779285714286,42.7962,24.8479285714286,30.5714285714286,104227
2021-10-31,202144,202,202,202,202,1.7916e-6,78.2194,0,1,410830420214419260,2022-10-14,1,1,258248,20,100,0,0,1,72.2779,39.4648857142857,25.5865714285714,32.7142857142857,104227
2021-10-24,202143,236,236,236,236,5.75887e-5,91.385,0,1,410830420214319300,2022-10-14,7,1,258248,17.8571428571429,89.6680142857143,0,0,1,65.2601428571429,34.5216571428571,23.7786857142857,30.8571428571429,104227
2021-10-17,202142,311,311,311,311,0.782887,120.427,0,1,410830420214219260,2022-10-14,2,1,258248,15.7142857142857,96.6211571428571,0,0,1,70.0067857142857,37.2253857142857,21.3422857142857,28.1428571428571,104227
2021-10-10,202141,409,409,409,409,1,158.375,0,1,410830420214119300,2022-10-14,2,2,258248,18.2,97.6371,0,1,2,78.36546,47.6498,23.01524,28.4,104227
2021-10-03,202140,257,257,257,257,0.48685,99.5167,0,1,410830420214019260,2022-10-14,0,1,258248,18.15,NA,0,0,1,NA,NA,NA,NA,104227
2021-09-26,202139,232,232,232,232,0.401729,89.8361,0,1,410830420213919300,2022-10-04,1,1,258248,18.1,NA,0,0,1,NA,NA,NA,NA,104227
2021-09-19,202138,303,303,303,303,0.999975,117.329,0,2,410830420213819260,2022-10-01,1,1,258248,18.05,NA,0,1,1,NA,NA,NA,NA,104227
2021-09-12,202137,227,227,227,227,0.941377,87.9,0,2,4.1083042021371923e+17,2022-09-22,0,1,258248,18,88.1001,0,0,1,60.2828,35.8416,24.7826,34,104227
2021-09-05,202136,204,204,204,204,0.774366,78.9938,0,2,410830420213619260,2022-09-17,0,1,258248,16,95.1244571428571,0,0,1,70.7305571428571,36.5229571428571,21.7793285714286,28.5714285714286,104227
2021-08-29,202135,201,201,201,201,0.756719,77.8322,0,2,4.1083042021351923e+17,2022-09-16,0,1,258248,17.7142857142857,83.1043571428571,0,0,1,59.5669,31.8991714285714,23.5385142857143,30.2857142857143,104227
2021-08-22,202134,167,167,167,167,0.395261,64.6665,0,3,410830420213419260,2022-09-07,0,1,258248,16,88.4864571428571,0,0,1,68.3917857142857,50.3358571428571,21.2310714285714,26.4285714285714,104227
2021-08-15,202133,221,221,221,221,0.999944,85.5767,0,3,4.1083042021331923e+17,2022-08-24,1,2,258248,17,88.5061428571429,0,1,1,58.4645428571429,30.3021,24.5099714285714,32.7142857142857,104227
2021-08-08,202132,159,159,159,159,0.98256,61.5687,0,3,410830420213219200,2022-08-20,6,1,258248,14,92.4427428571429,0,1,1,78.6898714285714,56.9612,17.5417857142857,23.1428571428571,104227
2021-08-01,202131,166,166,166,166,0.998456,64.2793,0,1,4.1083042021311923e+17,2022-08-17,0,1,258248,10.8571428571429,92.3101714285714,0,1,1,68.1191857142857,34.8315428571429,16.8807142857143,25,104227
2021-07-25,202130,49,49,49,49,0.107981,18.974,0,1,410830420213019200,2022-08-05,1,1,258248,6.57142857142857,92.4170142857143,0,0,0,66.5067,34.7355857142857,13.4531471428571,22.1428571428571,104227
2021-07-18,202129,63,63,63,63,0.359374,24.3952,0,1,4.1083042021291917e+17,2022-07-21,3,1,258248,7.71428571428571,93.2455285714286,0,0,1,67.4078714285714,32.5616857142857,13.9949542857143,22.5714285714286,104227
2021-07-11,202128,55,55,55,55,0.0342463,21.2974,0,1,410830420212819200,2022-07-21,3,1,258248,13.7142857142857,92.4953571428571,0,0,1,74.9493857142857,45.7099142857143,18.4084857142857,24,104227
2021-07-04,202127,74,74,74,74,0.0747221,28.6546,0,1,4.1083042021271917e+17,2022-07-14,8,1,258248,12,96.4433714285714,0,0,1,74.8250714285714,41.8823857142857,17.1472285714286,25.4285714285714,104227
2021-06-27,202126,63,63,63,63,1.29773e-4,24.3952,0,1,410830420212619200,2022-07-06,8,1,258248,5.28571428571429,99.0648571428571,0,0,1,82.276,43.8555714285714,10.1743128571429,18.5714285714286,104227
2021-06-20,202125,94,94,94,94,0.0156213,36.3991,0,1,4.1083042021251917e+17,2022-06-28,1,1,258248,15,99.1392142857143,0,0,1,88.1975857142857,71.1131285714286,18.2300571428571,22,104227
2021-06-13,202124,118,118,118,118,0.0599278,45.6925,0,1,410830420212419140,2022-06-21,5,1,258248,11.3333333333333,100,0,0,1,92.1242166666667,76.5055833333333,13.9304333333333,17.1666666666667,104227
2021-06-06,202123,117,117,117,117,0.00114692,45.3053,0,1,4.1083042021231917e+17,2022-06-14,17,1,258248,16.5,100,0,0,1,91.94025,85.75,18.1875,19.5,104227
2021-05-30,202122,150,150,150,150,0.00153498,58.0837,0,1,410830420212219140,2022-06-02,10,1,258248,9,100,0,0,1,79.9367,50.74295,13.72915,20.5,104227
2021-05-23,202121,146,146,146,146,5.72312e-8,56.5348,0,2,4.1083042021211917e+17,2022-06-02,6,1,258248,10.3888888888889,NA,0,0,1,NA,NA,NA,NA,104227
2021-05-16,202120,214,214,214,214,1.67357e-5,82.8661,0,2,410830420212019140,2022-05-27,9,1,258248,11.7777777777778,NA,0,0,1,NA,NA,NA,NA,104227
2021-05-09,202119,246,246,246,246,9.16542e-8,95.2573,0,2,410830420211919100,2022-05-24,4,1,258248,13.1666666666667,NA,0,0,1,NA,NA,NA,NA,104227
2021-05-02,202118,287,287,287,287,4.53545e-7,111.133,0,2,410830420211819140,2022-05-13,13,1,258248,14.5555555555556,NA,0,0,1,NA,NA,NA,NA,104227
2021-04-25,202117,400,400,400,400,0.285339,154.89,0,4,410830420211719100,2022-05-06,18,1,258248,15.9444444444444,NA,0,0,1,NA,NA,NA,NA,104227
2021-04-18,202116,448,448,448,448,0.976909,173.477,0,3,410830420211619140,2022-04-23,3,1,258248,17.3333333333333,97.9615,0,1,2,NA,NA,NA,NA,104227
2021-04-11,202115,425,425,425,425,0.994781,164.57,0,3,410830420211519100,2022-04-23,4,1,258248,18.4166666666667,NA,0,1,2,NA,NA,NA,NA,104227
2021-04-04,202114,395,395,395,395,0.997355,152.954,0,3,410830420211419100,2022-04-14,6,1,258248,19.5,93.99665,0,1,1,NA,NA,NA,NA,104227
2021-03-28,202113,365,365,365,365,0.966016,141.337,0,2,410830420211319100,2022-04-01,10,1,258248,22,100,1,1,1,NA,NA,NA,NA,104227
2021-03-21,202112,297,297,297,297,0.0216463,115.006,0,2,410830420211219100,2022-04-01,3,1,258248,23,100,1,0,1,NA,NA,NA,NA,104227
2021-03-14,202111,297,297,297,297,9.70461e-5,115.006,0,2,410830420211119100,2022-03-23,3,1,258248,20,99,0,0,1,NA,NA,NA,NA,104227
2021-03-07,202110,346,346,346,346,1.03295e-4,133.98,0,2,410830420211019100,2022-03-17,15,1,258248,17,100,0,0,1,NA,NA,NA,NA,104227
2021-02-28,202109,401,401,401,401,0.00147261,155.277,0,4,410830420210919040,2022-03-10,11,1,258248,22,94,1,0,1,NA,NA,NA,NA,104227
2021-02-21,202108,420,420,420,420,0.0922952,162.634,0,4,410830420210819100,2022-03-03,12,1,258248,21,94,1,0,2,NA,NA,NA,NA,104227
2021-02-14,202107,580,580,580,580,1,224.59,0,3,410830420210719040,2022-02-23,7,2,258248,18,100,0,1,2,NA,NA,NA,NA,104227
2021-02-07,202106,466,466,466,466,1,180.447,0,3,410830420210619e3,2022-02-16,5,1,258248,19,98,0,1,2,NA,NA,NA,NA,104227
2021-01-31,202105,387,387,387,387,0.99979,149.856,0,2,410830420210519040,2022-02-12,10,1,258248,19,100,0,1,1,NA,NA,NA,NA,104227
2021-01-24,202104,285,285,285,285,0.660899,110.359,0,3,410830420210419e3,2022-02-12,4,1,258248,22,100,1,0,1,NA,NA,NA,NA,104227
2021-01-17,202103,298,298,298,298,0.997944,115.393,0,3,410830420210319040,2022-02-12,2,1,258248,21,100,1,1,1,NA,NA,NA,NA,104227
2021-01-10,202102,298,298,298,298,0.999997,115.393,0,1,410830420210219e3,2022-02-12,10,2,258248,22,98,1,1,1,NA,NA,NA,NA,104227
2021-01-03,202101,253,253,253,253,0.944084,97.9678,0,1,410830420210119040,2022-02-12,6,1,258248,21,97,1,0,1,NA,NA,NA,NA,104227
2020-12-27,202053,121,121,121,121,1.38778e-13,46.8542,0,2,410830420205319040,2022-02-12,1,0,258248,20,100,0,0,1,NA,NA,NA,NA,104227
2020-12-20,202052,230,230,230,230,0.00548673,89.0617,0,2,410830420205219e3,2022-02-12,0,1,258248,20,NA,0,0,1,NA,NA,NA,NA,104227
2020-12-13,202051,272,272,272,272,0.159665,105.325,0,2,410830420205119040,2022-02-12,0,1,258248,20,NA,0,0,1,NA,NA,NA,NA,104227
2020-12-06,202050,310,310,310,310,0.673057,120.04,0,2,410830420205019e3,2022-02-12,0,1,258248,20,NA,0,0,1,NA,NA,NA,NA,104227
2020-11-29,202049,277,277,277,277,0.390518,107.261,0,3,410830420204919040,2022-02-12,0,1,258248,20,NA,0,0,1,NA,NA,NA,NA,104227
2020-11-22,202048,324,324,324,324,0.998822,125.461,0,3,410830420204819e3,2022-02-12,0,1,258248,20,86,0,1,1,NA,NA,NA,NA,104227
2020-11-15,202047,296,296,296,296,0.999274,114.619,0,3,410830420204719040,2022-02-12,2,1,258248,17,99,0,1,1,NA,NA,NA,NA,104227
2020-11-08,202046,247,247,247,247,0.965989,95.6445,0,2,410830420204619e3,2022-02-12,9,1,258248,19,97,0,1,1,NA,NA,NA,NA,104227
2020-11-01,202045,211,211,211,211,0.890447,81.7044,0,3,410830420204519040,2022-02-12,4,1,258248,15,83,0,0,1,NA,NA,NA,NA,104227
2020-10-25,202044,214,214,214,214,0.999008,82.8661,0,3,410830420204419e3,2022-02-12,10,1,258248,18,91,0,1,1,NA,NA,NA,NA,104227
2020-10-18,202043,209,209,209,209,0.999978,80.93,0,2,410830420204319040,2022-02-12,8,2,258248,21,84,1,1,1,NA,NA,NA,NA,104227
2020-10-11,202042,133,133,133,133,0.7191,51.5009,0,2,410830420204219e3,2022-02-12,11,1,258248,18,93,0,0,1,NA,NA,NA,NA,104227
2020-10-04,202041,134,134,134,134,0.906784,51.8881,0,3,410830420204119040,2022-02-12,6,1,258248,18,94,0,0,1,NA,NA,NA,NA,104227
2020-09-27,202040,123,123,123,123,0.961976,47.6286,0,3,410830420204019e3,2022-02-12,5,1,258248,21,85,1,1,1,NA,NA,NA,NA,104227
2020-09-20,202039,122,122,122,122,0.997994,47.2414,0,3,410830420203919040,2022-02-12,4,2,258248,16,82,0,1,1,NA,NA,NA,NA,104227
2020-09-13,202038,96,96,96,96,0.962752,37.1736,0,1,410830420203819e3,2022-02-12,3,1,258248,18,93,0,1,1,NA,NA,NA,NA,104227
2020-09-06,202037,75,75,75,75,0.744376,29.0419,0,1,410830420203719040,2022-02-12,5,1,258248,19,91,0,0,1,NA,NA,NA,NA,104227
2020-08-30,202036,71,71,71,71,0.830971,27.493,0,1,410830420203619e3,2022-02-12,3,1,258248,16,92,0,0,1,NA,NA,NA,NA,104227
2020-08-23,202035,75,75,75,75,0.925052,29.0419,0,1,410830420203519040,2022-02-12,3,1,258248,16,78,0,0,1,NA,NA,NA,NA,104227
2020-08-16,202034,53,53,53,53,0.182138,20.5229,0,1,410830420203419e3,2022-02-12,1,1,258248,11,95,0,0,1,NA,NA,NA,NA,104227
2020-08-09,202033,54,54,54,54,0.156575,20.9101,0,1,410830420203319040,2022-02-12,15,1,258248,15,93,0,0,1,NA,NA,NA,NA,104227
2020-08-02,202032,66,66,66,66,0.60553,25.5568,0,1,410830420203219e3,2022-02-12,5,1,258248,15,86,0,0,1,NA,NA,NA,NA,104227
2020-07-26,202031,70,70,70,70,0.785048,27.1057,0,1,410830420203119040,2022-02-12,5,1,258248,10,95,0,0,1,NA,NA,NA,NA,104227
2020-07-19,202030,60,60,60,60,0.451824,23.2335,0,1,410830420203019e3,2022-02-12,10,1,258248,15,90,0,0,1,NA,NA,NA,NA,104227
2020-07-12,202029,62,62,62,62,0.148846,24.0079,0,1,410830420202919040,2022-02-12,26,1,258248,14,95,0,0,1,NA,NA,NA,NA,104227
2020-07-05,202028,61,61,61,61,2.03243e-4,23.6207,0,1,410830420202819e3,2022-02-12,8,1,258248,13,100,0,0,1,NA,NA,NA,NA,104227
2020-06-28,202027,50,50,50,50,8.35821e-10,19.3612,0,1,410830420202719040,2022-02-12,1,0,258248,9,98,0,0,0,NA,NA,NA,NA,104227
2020-06-21,202026,109,109,109,109,0.192862,42.2075,0,1,410830420202619e3,2022-02-12,27,1,258248,14,93,0,0,1,NA,NA,NA,NA,104227
2020-06-14,202025,170,170,170,170,0.998239,65.8282,0,1,410830420202519040,2022-02-12,12,1,258248,16,95,0,1,1,NA,NA,NA,NA,104227
2020-06-07,202024,109,109,109,109,0.0031153,42.2075,0,2,410830420202419e3,2022-02-12,10,1,258248,17,97,0,0,1,NA,NA,NA,NA,104227
2020-05-31,202023,95,95,95,95,1.11422e-12,36.7863,0,2,410830420202319040,2022-02-12,2,0,258248,12,100,0,0,1,NA,NA,NA,NA,104227
2020-05-24,202022,143,143,143,143,1.11022e-15,55.3731,0,2,410830420202219e3,2022-02-12,8,0,258248,9,100,0,0,1,NA,NA,NA,NA,104227
2020-05-17,202021,205,205,205,205,0,79.3811,0,2,410830420202119040,2022-02-12,19,0,258248,14,96,0,0,1,NA,NA,NA,NA,104227
2020-05-10,202020,289,289,289,289,0,111.908,0,4,410830420202019e3,2022-02-12,15,1,258248,13,97,0,0,1,NA,NA,NA,NA,104227
2020-05-03,202019,430,430,430,430,7.07197e-9,166.507,0,4,410830420201919040,2022-02-12,24,1,258248,10,97,0,0,2,NA,NA,NA,NA,104227
2020-04-26,202018,554,554,554,554,2.55872e-7,214.522,0,4,410830420201819e3,2022-02-12,21,1,258248,19,93,0,0,2,NA,NA,NA,NA,104227
2020-04-19,202017,607,607,607,607,0,235.045,0,4,410830420201719040,2022-02-12,11,1,258248,16,97,0,0,2,NA,NA,NA,NA,104227
2020-04-12,202016,652,652,652,652,0,252.47,0,4,410830420201619e3,2022-02-12,34,1,258248,11,99,0,0,2,NA,NA,NA,NA,104227
2020-04-05,202015,919,919,919,919,0,355.859,0,4,410830420201519040,2022-02-12,55,1,258248,13,99,0,0,2,NA,NA,NA,NA,104227
2020-03-29,202014,1260,1260,1260,1260,0,487.903,0,4,410830420201419e3,2022-02-12,31,1,258248,19,97,0,0,2,NA,NA,NA,NA,104227
2020-03-22,202013,1426,1426,1426,1426,0,552.182,0,4,410830420201319040,2022-02-12,47,1,258248,19,93,0,0,2,NA,NA,NA,NA,104227
2020-03-15,202012,1826,1826,1826,1826,0,707.072,0,4,410830420201219e3,2022-02-12,155,1,258248,20,96,0,0,2,NA,NA,NA,NA,104227
2020-03-08,202011,2618,2618,2618,2618,0.990914,1013.75,0,4,410830420201119040,2022-02-12,109,1,258248,22,86,1,1,2,NA,NA,NA,NA,104227
2020-03-01,202010,2904,2904,2904,2904,1,1124.5,0,4,410830420201019e3,2022-02-12,68,1,258248,18,95,0,1,2,NA,NA,NA,NA,104227
2020-02-23,202009,2608,2608,2608,2608,1,1009.88,0,4,410830420200919040,2022-02-12,67,2,258248,18,98,0,1,2,NA,NA,NA,NA,104227
2020-02-16,202008,1940,1940,1940,1940,1,751.216,0,4,410830420200819e3,2022-02-12,51,2,258248,22,92,1,1,2,NA,NA,NA,NA,104227
2020-02-09,202007,1694,1694,1694,1694,1,655.959,0,4,410830420200719040,2022-02-12,38,2,258248,22,93,1,1,2,NA,NA,NA,NA,104227
2020-02-02,202006,997,997,997,997,1,386.063,0,4,410830420200619e3,2022-02-12,8,2,258248,22,97,1,1,2,NA,NA,NA,NA,104227
2020-01-26,202005,729,729,729,729,1,282.287,0,3,410830420200519040,2022-02-12,16,2,258248,21,99,1,1,2,NA,NA,NA,NA,104227
2020-01-19,202004,523,523,523,523,1,202.519,0,3,410830420200419e3,2022-02-12,5,2,258248,21,99,1,1,2,NA,NA,NA,NA,104227
2020-01-12,202003,333,333,333,333,1,128.946,0,3,410830420200319040,2022-02-12,3,2,258248,23,100,1,1,1,NA,NA,NA,NA,104227
2020-01-05,202002,265,265,265,265,1,102.615,0,1,410830420200219e3,2022-02-12,5,2,258248,23,98,1,1,1,NA,NA,NA,NA,104227
2019-12-29,202001,141,141,141,141,0.0875235,54.5987,0,1,410830420200119040,2022-02-12,5,1,258248,22,98,1,0,1,NA,NA,NA,NA,104227
2019-12-22,201952,162,162,162,162,0.272242,62.7304,0,1,410830420195219e3,2022-02-12,3,1,258248,19,99,0,0,1,NA,NA,NA,NA,104227
2019-12-15,201951,156,156,156,156,0.17685,60.4071,0,1,410830420195119040,2022-02-12,5,1,258248,21,97,1,0,1,NA,NA,NA,NA,104227
2019-12-08,201950,188,188,188,188,0.821196,72.7982,0,1,410830420195019e3,2022-02-12,7,1,258248,20,96,1,0,1,NA,NA,NA,NA,104227
2019-12-01,201949,174,174,174,174,0.538936,67.3771,0,1,410830420194919040,2022-02-12,8,1,258248,18,97,0,0,1,NA,NA,NA,NA,104227
2019-11-24,201948,160,160,160,160,0.274351,61.9559,0,2,410830420194819e3,2022-02-12,4,1,258248,21,91,1,0,1,NA,NA,NA,NA,104227
2019-11-17,201947,185,185,185,185,0.823035,71.6366,0,2,410830420194719040,2022-02-12,3,1,258248,21,87,1,0,1,NA,NA,NA,NA,104227
2019-11-10,201946,166,166,166,166,0.489893,64.2793,0,2,410830420194619e3,2022-02-12,13,1,258248,20,94,0,0,1,NA,NA,NA,NA,104227
2019-11-03,201945,174,174,174,174,0.688568,67.3771,0,2,410830420194519040,2022-02-12,12,1,258248,22,96,1,0,1,NA,NA,NA,NA,104227
2019-10-27,201944,154,154,154,154,0.577206,59.6326,0,3,410830420194419e3,2022-02-12,1,1,258248,22,87,1,0,1,NA,NA,NA,NA,104227
2019-10-20,201943,187,187,187,187,0.999038,72.411,0,3,410830420194319040,2022-02-12,3,1,258248,16,94,0,1,1,NA,NA,NA,NA,104227
2019-10-13,201942,151,151,151,151,0.979522,58.4709,0,2,410830420194219e3,2022-02-12,4,1,258248,21,94,1,1,1,NA,NA,NA,NA,104227
2019-10-06,201941,122,122,122,122,0.929529,47.2414,0,3,410830420194119040,2022-02-12,1,1,258248,18,89,0,0,1,NA,NA,NA,NA,104227
2019-09-29,201940,126,126,126,126,0.999071,48.7903,0,3,410830420194019e3,2022-02-12,1,2,258248,20,82,1,1,1,NA,NA,NA,NA,104227
2019-09-22,201939,106,106,106,106,0.993907,41.0458,0,1,410830420193919040,2022-02-12,5,1,258248,14,87,0,1,1,NA,NA,NA,NA,104227
2019-09-15,201938,68,68,68,68,0.341356,26.3313,0,1,410830420193819e3,2022-02-12,1,1,258248,18,88,0,0,1,NA,NA,NA,NA,104227
2019-09-08,201937,74,74,74,74,0.493105,28.6546,0,1,410830420193719040,2022-02-12,2,1,258248,19,83,0,0,1,NA,NA,NA,NA,104227
2019-09-01,201936,66,66,66,66,0.42079,25.5568,0,1,410830420193619e3,2022-02-12,5,1,258248,14,90,0,0,1,NA,NA,NA,NA,104227
2019-08-25,201935,87,87,87,87,0.987302,33.6885,0,1,410830420193519040,2022-02-12,2,1,258248,16,91,0,1,1,NA,NA,NA,NA,104227
2019-08-18,201934,67,67,67,67,0.827838,25.9441,0,1,410830420193419e3,2022-02-12,6,1,258248,12,92,0,0,1,NA,NA,NA,NA,104227
2019-08-11,201933,57,57,57,57,0.388169,22.0718,0,1,410830420193319040,2022-02-12,5,1,258248,11,89,0,0,1,NA,NA,NA,NA,104227
2019-08-04,201932,54,54,54,54,0.0534694,20.9101,0,1,410830420193219e3,2022-02-12,8,1,258248,13,91,0,0,1,NA,NA,NA,NA,104227
2019-07-28,201931,56,56,56,56,0.00101087,21.6846,0,1,410830420193119040,2022-02-12,1,1,258248,11,97,0,0,1,NA,NA,NA,NA,104227
2019-07-21,201930,67,67,67,67,1.08674e-5,25.9441,0,1,410830420193019e3,2022-02-12,3,1,258248,15,91,0,0,1,NA,NA,NA,NA,104227
2019-07-14,201929,89,89,89,89,2.75398e-8,34.463,0,2,410830420192919040,2022-02-12,5,1,258248,12,98,0,0,1,NA,NA,NA,NA,104227
2019-07-07,201928,122,122,122,122,5.87408e-12,47.2414,0,2,410830420192819e3,2022-02-12,1,0,258248,10,93,0,0,1,NA,NA,NA,NA,104227
2019-06-30,201927,147,147,147,147,0,56.922,0,2,410830420192719040,2022-02-12,8,0,258248,11,96,0,0,1,NA,NA,NA,NA,104227
2019-06-23,201926,268,268,268,268,5.59793e-11,103.776,0,2,410830420192619e3,2022-02-12,3,1,258248,15,97,0,0,1,NA,NA,NA,NA,104227
2019-06-16,201925,307,307,307,307,2.88991e-13,118.878,0,4,410830420192519040,2022-02-12,5,1,258248,16,96,0,0,1,NA,NA,NA,NA,104227
2019-06-09,201924,479,479,479,479,0.00185485,185.481,0,4,410830420192419e3,2022-02-12,11,1,258248,17,95,0,0,2,NA,NA,NA,NA,104227
2019-06-02,201923,520,520,520,520,7.78825e-5,201.357,0,4,410830420192319040,2022-02-12,9,1,258248,13,99,0,0,2,NA,NA,NA,NA,104227
2019-05-26,201922,553,553,553,553,1.76746e-6,214.135,0,4,410830420192219e3,2022-02-12,14,1,258248,18,98,0,0,2,NA,NA,NA,NA,104227
2019-05-19,201921,644,644,644,644,0.0112318,249.373,0,4,410830420192119040,2022-02-12,15,1,258248,16,99,0,0,2,NA,NA,NA,NA,104227
2019-05-12,201920,766,766,766,766,0.981557,296.614,0,4,410830420192019e3,2022-02-12,13,1,258248,14,98,0,1,2,NA,NA,NA,NA,104227
2019-05-05,201919,777,777,777,777,0.999935,300.874,0,4,410830420191919040,2022-02-12,10,1,258248,20,99,0,1,2,NA,NA,NA,NA,104227
2019-04-28,201918,662,662,662,662,0.996455,256.343,0,4,410830420191819e3,2022-02-12,10,1,258248,19,99,0,1,2,NA,NA,NA,NA,104227
2019-04-21,201917,659,659,659,659,0.999999,255.181,0,4,410830420191719040,2022-02-12,9,1,258248,20,100,1,1,2,NA,NA,NA,NA,104227
2019-04-14,201916,582,582,582,582,1,225.365,0,4,410830420191619e3,2022-02-12,11,1,258248,19,100,0,1,2,NA,NA,NA,NA,104227
2019-04-07,201915,472,472,472,472,0.999996,182.77,0,3,410830420191519040,2022-02-12,6,1,258248,18,99,0,1,2,NA,NA,NA,NA,104227
2019-03-31,201914,454,454,454,454,1,175.8,0,3,410830420191419e3,2022-02-12,3,2,258248,20,100,1,1,2,NA,NA,NA,NA,104227
2019-03-24,201913,342,342,342,342,1,132.431,0,3,410830420191319040,2022-02-12,10,2,258248,18,98,0,1,1,NA,NA,NA,NA,104227
2019-03-17,201912,264,264,264,264,1,102.227,0,3,410830420191219e3,2022-02-12,9,2,258248,19,100,0,1,1,NA,NA,NA,NA,104227
2019-03-10,201911,165,165,165,165,0.999132,63.8921,0,2,410830420191119040,2022-02-12,27,1,258248,21,100,1,1,1,NA,NA,NA,NA,104227
2019-03-03,201910,119,119,119,119,0.848854,46.0797,0,2,410830420191019e3,2022-02-12,4,1,258248,20,96,1,0,1,NA,NA,NA,NA,104227
2019-02-24,201909,113,113,113,113,0.849317,43.7564,0,2,410830420190919040,2022-02-12,7,1,258248,19,94,0,0,1,NA,NA,NA,NA,104227
2019-02-17,201908,101,101,101,101,0.787754,39.1097,0,3,410830420190819e3,2022-02-12,2,1,258248,20,98,1,0,1,NA,NA,NA,NA,104227
2019-02-10,201907,99,99,99,99,0.952174,38.3352,0,3,410830420190719040,2022-02-12,1,1,258248,21,96,1,1,1,NA,NA,NA,NA,104227
2019-02-03,201906,98,98,98,98,0.994118,37.948,0,2,410830420190619e3,2022-02-12,5,1,258248,21,96,1,1,1,NA,NA,NA,NA,104227
2019-01-27,201905,74,74,74,74,0.856574,28.6546,0,2,410830420190519040,2022-02-12,4,1,258248,23,90,1,0,1,NA,NA,NA,NA,104227
2019-01-20,201904,61,61,61,61,0.356943,23.6207,0,2,410830420190419e3,2022-02-12,4,1,258248,22,95,1,0,1,NA,NA,NA,NA,104227
2019-01-13,201903,63,63,63,63,0.374828,24.3952,0,2,410830420190319040,2022-02-12,4,1,258248,23,97,1,0,1,NA,NA,NA,NA,104227
2019-01-06,201902,50,50,50,50,0.350485,19.3612,0,2,410830420190219e3,2022-02-12,0,1,258248,23,94,1,0,0,NA,NA,NA,NA,104227
2018-12-30,201901,102,102,102,102,0.999999,39.4969,0,2,410830420190119040,2022-02-12,5,2,258248,24,97,1,1,1,NA,NA,NA,NA,104227
2018-12-23,201852,32,32,32,32,0.0553892,12.3912,0,2,410830420185219e3,2022-02-12,0,1,258248,22,98,1,0,0,NA,NA,NA,NA,104227
2018-12-16,201851,46,46,46,46,0.446843,17.8123,0,1,410830420185119040,2022-02-12,0,1,258248,22,93,1,0,0,NA,NA,NA,NA,104227
2018-12-09,201850,44,44,44,44,0.472266,17.0379,0,1,410830420185019e3,2022-02-12,0,1,258248,20,88,1,0,0,NA,NA,NA,NA,104227
2018-12-02,201849,54,54,54,54,0.834224,20.9101,0,1,410830420184919040,2022-02-12,0,1,258248,15,93,0,0,1,NA,NA,NA,NA,104227
2018-11-25,201848,43,43,43,43,0.311599,16.6507,0,1,410830420184819e3,2022-02-12,0,1,258248,20,96,1,0,0,NA,NA,NA,NA,104227
2018-11-18,201847,36,36,36,36,0.133083,13.9401,0,1,410830420184719040,2022-02-12,0,1,258248,20,94,0,0,0,NA,NA,NA,NA,104227
2018-11-11,201846,58,58,58,58,0.94174,22.459,0,1,410830420184619e3,2022-02-12,0,1,258248,21,93,1,0,1,NA,NA,NA,NA,104227
2018-11-04,201845,47,47,47,47,0.753065,18.1996,0,1,410830420184519040,2022-02-12,0,1,258248,20,200,0,0,0,NA,NA,NA,NA,104227
2018-10-28,201844,35,35,35,35,0.49094,13.5529,0,1,410830420184419e3,2022-02-12,0,1,258248,18,95,0,0,0,NA,NA,NA,NA,104227
2018-10-21,201843,49,49,49,49,0.992638,18.974,0,1,410830420184319040,2022-02-12,0,2,258248,16,130,0,0,0,NA,NA,NA,NA,104227
2018-10-14,201842,36,36,36,36,0.954368,13.9401,0,1,410830420184219e3,2022-02-12,0,2,258248,18,99,0,0,0,NA,NA,NA,NA,104227
2018-10-07,201841,23,23,23,23,0.555494,8.90617,0,1,410830420184119040,2022-02-12,0,1,258248,20,98,0,0,0,NA,NA,NA,NA,104227
2018-09-30,201840,27,27,27,27,0.687091,10.4551,0,1,410830420184019e3,2022-02-12,0,1,258248,18,98,0,0,0,NA,NA,NA,NA,104227
2018-09-23,201839,12,12,12,12,0.0576112,4.6467,0,1,410830420183919040,2022-02-12,0,1,258248,20,95,0,0,0,NA,NA,NA,NA,104227
2018-09-16,201838,35,35,35,35,0.994617,13.5529,0,1,410830420183819e3,2022-02-12,0,2,258248,17,98,0,0,0,NA,NA,NA,NA,104227
2018-09-09,201837,18,18,18,18,0.656433,6.97004,0,1,410830420183719040,2022-02-12,0,1,258248,16,93,0,0,0,NA,NA,NA,NA,104227
2018-09-02,201836,15,15,15,15,0.370176,5.80837,0,1,410830420183619e3,2022-02-12,0,1,258248,12,99,0,0,0,NA,NA,NA,NA,104227
2018-08-26,201835,16,16,16,16,0.318124,6.19559,0,1,410830420183519040,2022-02-12,0,1,258248,13,90,0,0,0,NA,NA,NA,NA,104227
2018-08-19,201834,14,14,14,14,0.178917,5.42115,0,1,410830420183419e3,2022-02-12,0,1,258248,11,97,0,0,0,NA,NA,NA,NA,104227
2018-08-12,201833,23,23,23,23,0.711709,8.90617,0,1,410830420183319040,2022-02-12,1,1,258248,13,98,0,0,0,NA,NA,NA,NA,104227
2018-08-05,201832,17,17,17,17,0.254062,6.58282,0,1,410830420183219e3,2022-02-12,1,1,258248,8,100,0,0,0,NA,NA,NA,NA,104227
2018-07-29,201831,21,21,21,21,0.235135,8.13172,0,1,410830420183119040,2022-02-12,2,1,258248,10,977,0,0,0,NA,NA,NA,NA,104227
2018-07-22,201830,17,17,17,17,0.0139504,6.58282,0,1,410830420183019e3,2022-02-12,0,1,258248,13,100,0,0,0,NA,NA,NA,NA,104227
2018-07-15,201829,26,26,26,26,0.0898484,10.0678,0,1,410830420182919040,2022-02-12,0,1,258248,15,90,0,0,0,NA,NA,NA,NA,104227
2018-07-08,201828,33,33,33,33,0.376765,12.7784,0,1,410830420182819e3,2022-02-12,0,1,258248,11,96,0,0,0,NA,NA,NA,NA,104227
2018-07-01,201827,39,39,39,39,0.897034,15.1018,0,1,410830420182719040,2022-02-12,0,1,258248,17,99,0,0,0,NA,NA,NA,NA,104227
2018-06-24,201826,41,41,41,41,0.994456,15.8762,0,1,410830420182619e3,2022-02-12,0,2,258248,16,99,0,0,0,NA,NA,NA,NA,104227
2018-06-17,201825,29,29,29,29,0.917389,11.2295,0,1,410830420182519040,2022-02-12,1,1,258248,11,100,0,0,0,NA,NA,NA,NA,104227
2018-06-10,201824,17,17,17,17,0.149996,6.58282,0,1,410830420182419e3,2022-02-12,0,1,258248,13,95,0,0,0,NA,NA,NA,NA,104227
2018-06-03,201823,16,16,16,16,0.0165346,6.19559,0,1,410830420182319040,2022-02-12,0,1,258248,9,99,0,0,0,NA,NA,NA,NA,104227
2018-05-27,201822,23,23,23,23,0.0144774,8.90617,0,1,410830420182219e3,2022-02-12,2,1,258248,16,96,0,0,0,NA,NA,NA,NA,104227
2018-05-20,201821,31,31,31,31,0.00570749,12.004,0,1,410830420182119040,2022-02-12,2,1,258248,10,100,0,0,0,NA,NA,NA,NA,104227
2018-05-13,201820,33,33,33,33,5.7422e-4,12.7784,0,2,410830420182019e3,2022-02-12,1,1,258248,15,100,0,0,0,NA,NA,NA,NA,104227
2018-05-06,201819,58,58,58,58,0.143593,22.459,0,2,410830420181919040,2022-02-12,0,1,258248,19,97,0,0,1,NA,NA,NA,NA,104227
2018-04-29,201818,72,72,72,72,0.347655,27.8802,0,2,410830420181819e3,2022-02-12,0,1,258248,20,98,0,0,1,NA,NA,NA,NA,104227
2018-04-22,201817,65,65,65,65,0.111204,25.1696,0,2,410830420181719040,2022-02-12,1,1,258248,20,100,1,0,1,NA,NA,NA,NA,104227
2018-04-15,201816,74,74,74,74,0.702328,28.6546,0,3,410830420181619e3,2022-02-12,6,1,258248,19,99,0,0,1,NA,NA,NA,NA,104227
2018-04-04,201815,98,98,98,98,0.999938,37.948,0,3,410830420181519040,2022-02-12,1,2,258248,20,99,0,1,1,NA,NA,NA,NA,104227
2018-04-01,201814,69,69,69,69,0.987072,26.7185,0,1,410830420181419e3,2022-02-12,3,2,258248,17,100,0,1,1,NA,NA,NA,NA,104227
2018-03-25,201813,41,41,41,41,0.282844,15.8762,0,1,410830420181319040,2022-02-12,5,1,258248,19,100,0,0,0,NA,NA,NA,NA,104227
2018-03-18,201812,43,43,43,43,0.401338,16.6507,0,1,410830420181219e3,2022-02-12,7,1,258248,22,97,1,0,0,NA,NA,NA,NA,104227
2018-03-11,201811,48,48,48,48,0.843418,18.5868,0,1,410830420181119040,2022-02-12,0,1,258248,23,99,1,0,0,NA,NA,NA,NA,104227
2018-03-04,201810,51,51,51,51,0.987271,19.7485,0,1,410830420181019e3,2022-02-12,2,2,258248,20,100,0,1,1,NA,NA,NA,NA,104227
2018-02-25,201809,39,39,39,39,0.888313,15.1018,0,1,410830420180919040,2022-02-12,1,1,258248,21,102,1,0,0,NA,NA,NA,NA,104227
2018-02-18,201808,28,28,28,28,0.193867,10.8423,0,1,410830420180819e3,2022-02-12,1,1,258248,19,100,0,0,0,NA,NA,NA,NA,104227
2018-02-11,201807,23,23,23,23,0.00693289,8.90617,0,2,410830420180719040,2022-02-12,1,1,258248,20,96,1,0,0,NA,NA,NA,NA,104227
2018-02-04,201806,34,34,34,34,0.0668802,13.1656,0,2,410830420180619e3,2022-02-12,3,1,258248,21,95,1,0,0,NA,NA,NA,NA,104227
2018-01-28,201805,47,47,47,47,0.413733,18.1996,0,2,410830420180519040,2022-02-12,1,1,258248,22,98,1,0,0,NA,NA,NA,NA,104227
2018-01-21,201804,47,47,47,47,0.386182,18.1996,0,2,410830420180419e3,2022-02-12,6,1,258248,22,100,1,0,0,NA,NA,NA,NA,104227
2018-01-14,201803,53,53,53,53,0.626074,20.5229,0,2,410830420180319040,2022-02-12,3,1,258248,22,100,1,0,1,NA,NA,NA,NA,104227
2018-01-07,201802,44,44,44,44,0.43823,17.0379,0,2,410830420180219e3,2022-02-12,1,1,258248,21,99,1,0,0,NA,NA,NA,NA,104227
2017-12-31,201801,60,60,60,60,0.965608,23.2335,0,2,410830420180119040,2022-02-12,1,1,258248,21,98,1,1,1,NA,NA,NA,NA,104227
2017-12-24,201752,41,41,41,41,0.428629,15.8762,0,1,410830420175219e3,2022-02-12,3,1,258248,21,100,1,0,0,NA,NA,NA,NA,104227
2017-12-17,201751,41,41,41,41,0.298304,15.8762,0,1,410830420175119040,2022-02-12,0,1,258248,22,99,1,0,0,NA,NA,NA,NA,104227
2017-12-10,201750,38,38,38,38,0.142776,14.7145,0,1,410830420175019e3,2022-02-12,0,1,258248,19,100,0,0,0,NA,NA,NA,NA,104227
2017-12-03,201749,53,53,53,53,0.617274,20.5229,0,1,410830420174919040,2022-02-12,2,1,258248,21,98,1,0,1,NA,NA,NA,NA,104227
2017-11-26,201748,42,42,42,42,0.175994,16.2634,0,1,410830420174819e3,2022-02-12,7,1,258248,18,99,0,0,0,NA,NA,NA,NA,104227
2017-11-19,201747,55,55,55,55,0.693967,21.2974,0,1,410830420174719040,2022-02-12,4,1,258248,15,99,0,0,1,NA,NA,NA,NA,104227
2017-11-12,201746,49,49,49,49,0.550426,18.974,0,1,410830420174619e3,2022-02-12,2,1,258248,20,100,0,0,0,NA,NA,NA,NA,104227
2017-11-05,201745,55,55,55,55,0.742692,21.2974,0,1,410830420174519040,2022-02-12,2,1,258248,19,NA,0,0,1,NA,NA,NA,NA,104227
2017-10-29,201744,42,42,42,42,0.274131,16.2634,0,1,410830420174419e3,2022-02-12,1,1,258248,19,NA,0,0,0,NA,NA,NA,NA,104227
2017-10-22,201743,49,49,49,49,0.748084,18.974,0,1,410830420174319040,2022-02-12,0,1,258248,19,NA,0,0,0,NA,NA,NA,NA,104227
2017-10-15,201742,56,56,56,56,0.939014,21.6846,0,1,410830420174219e3,2022-02-12,3,1,258248,19,NA,0,0,1,NA,NA,NA,NA,104227
2017-10-08,201741,37,37,37,37,0.131658,14.3273,0,1,410830420174119040,2022-02-12,0,1,258248,18,NA,0,0,0,NA,NA,NA,NA,104227
2017-10-01,201740,38,38,38,38,0.0429646,14.7145,0,1,410830420174019e3,2022-02-12,3,1,258248,18,NA,0,0,0,NA,NA,NA,NA,104227
2017-09-24,201739,40,40,40,40,0.118484,15.489,0,1,410830420173919040,2022-02-12,0,1,258248,18,NA,0,0,0,NA,NA,NA,NA,104227
2017-09-17,201738,71,71,71,71,0.991107,27.493,0,1,410830420173819e3,2022-02-12,1,2,258248,18,NA,0,1,1,NA,NA,NA,NA,104227
2017-09-10,201737,50,50,50,50,0.725492,19.3612,0,1,410830420173719040,2022-02-12,0,1,258248,17,NA,0,0,0,NA,NA,NA,NA,104227
2017-09-03,201736,37,37,37,37,0.314303,14.3273,0,1,410830420173619e3,2022-02-12,3,1,258248,17,88,0,0,0,NA,NA,NA,NA,104227
2017-08-27,201735,52,52,52,52,0.953563,20.1357,0,1,410830420173519040,2022-02-12,0,1,258248,18,87,0,1,1,NA,NA,NA,NA,104227
2017-08-20,201734,40,40,40,40,0.830309,15.489,0,1,410830420173419e3,2022-02-12,0,1,258248,15,88,0,0,0,NA,NA,NA,NA,104227
2017-08-13,201733,37,37,37,37,0.883011,14.3273,0,1,410830420173319040,2022-02-12,0,1,258248,15,98,0,0,0,NA,NA,NA,NA,104227
2017-08-06,201732,30,30,30,30,0.892272,11.6167,0,1,410830420173219e3,2022-02-12,0,1,258248,17,79,0,0,0,NA,NA,NA,NA,104227
2017-07-30,201731,32,32,32,32,0.980723,12.3912,0,1,410830420173119040,2022-02-12,0,2,258248,13,92,0,0,0,NA,NA,NA,NA,104227
2017-07-23,201730,20,20,20,20,0.635306,7.74449,0,1,410830420173019e3,2022-02-12,0,1,258248,15,82,0,0,0,NA,NA,NA,NA,104227
2017-07-16,201729,10,10,10,10,0.11373,3.87225,0,1,410830420172919040,2022-02-12,0,1,258248,6,97,0,0,0,NA,NA,NA,NA,104227
2017-07-09,201728,26,26,26,26,0.964938,10.0678,0,1,410830420172819e3,2022-02-12,1,2,258248,15,92,0,0,0,NA,NA,NA,NA,104227
2017-07-02,201727,14,14,14,14,0.369307,5.42115,0,1,410830420172719040,2022-02-12,2,1,258248,12,92,0,0,0,NA,NA,NA,NA,104227
2017-06-25,201726,10,10,10,10,0.102994,3.87225,0,1,410830420172619e3,2022-02-12,0,1,258248,15,95,0,0,0,NA,NA,NA,NA,104227
2017-06-18,201725,21,21,21,21,0.726667,8.13172,0,1,410830420172519040,2022-02-12,1,1,258248,13,98,0,0,0,NA,NA,NA,NA,104227
2017-06-11,201724,13,13,13,13,0.0888868,5.03392,0,1,410830420172419e3,2022-02-12,3,1,258248,13,98,0,0,0,NA,NA,NA,NA,104227
2017-06-04,201723,19,19,19,19,0.12762,7.35727,0,1,410830420172319040,2022-02-12,0,1,258248,16,98,0,0,0,NA,NA,NA,NA,104227
2017-05-28,201722,15,15,15,15,0.0126587,5.80837,0,1,410830420172219e3,2022-02-12,1,1,258248,15,100,0,0,0,NA,NA,NA,NA,104227
2017-05-21,201721,31,31,31,31,0.597669,12.004,0,1,410830420172119040,2022-02-12,2,1,258248,19,98,0,0,0,NA,NA,NA,NA,104227
2017-05-14,201720,33,33,33,33,0.661378,12.7784,0,1,410830420172019e3,2022-02-12,5,1,258248,15,100,0,0,0,NA,NA,NA,NA,104227
2017-05-07,201719,27,27,27,27,0.178141,10.4551,0,1,410830420171919040,2022-02-12,1,1,258248,18,99,0,0,0,NA,NA,NA,NA,104227
2017-04-30,201718,28,28,28,28,0.094413,10.8423,0,1,410830420171819e3,2022-02-12,0,1,258248,16,99,0,0,0,NA,NA,NA,NA,104227
2017-04-23,201717,31,31,31,31,0.142246,12.004,0,1,410830420171719040,2022-02-12,0,1,258248,13,99,0,0,0,NA,NA,NA,NA,104227
2017-04-16,201716,48,48,48,48,0.718918,18.5868,0,1,410830420171619e3,2022-02-12,1,1,258248,19,100,0,0,0,NA,NA,NA,NA,104227
2017-04-09,201715,32,32,32,32,0.0495827,12.3912,0,1,410830420171519040,2022-02-12,2,1,258248,19,98,0,0,0,NA,NA,NA,NA,104227
2017-04-02,201714,47,47,47,47,0.352901,18.1996,0,1,410830420171419e3,2022-02-12,4,1,258248,20,97,1,0,0,NA,NA,NA,NA,104227
2017-03-26,201713,42,42,42,42,0.153573,16.2634,0,1,410830420171319040,2022-02-12,2,1,258248,20,95,0,0,0,NA,NA,NA,NA,104227
2017-03-19,201712,56,56,56,56,0.681484,21.6846,0,1,410830420171219e3,2022-02-12,7,1,258248,20,96,1,0,1,NA,NA,NA,NA,104227
2017-03-12,201711,53,53,53,53,0.660382,20.5229,0,1,410830420171119040,2022-02-12,3,1,258248,18,99,0,0,1,NA,NA,NA,NA,104227
2017-03-05,201710,48,48,48,48,0.751787,18.5868,0,2,410830420171019e3,2022-02-12,5,1,258248,23,97,1,0,0,NA,NA,NA,NA,104227
2017-02-26,201709,57,57,57,57,0.992185,22.0718,0,2,410830420170919040,2022-02-12,3,2,258248,22,97,1,1,1,NA,NA,NA,NA,104227
2017-02-19,201708,41,41,41,41,0.852875,15.8762,0,2,410830420170819e3,2022-02-12,9,1,258248,22,96,1,0,0,NA,NA,NA,NA,104227
2017-02-12,201707,29,29,29,29,0.310279,11.2295,0,2,410830420170719040,2022-02-12,2,1,258248,22,97,1,0,0,NA,NA,NA,NA,104227
2017-02-05,201706,31,31,31,31,0.352812,12.004,0,1,410830420170619e3,2022-02-12,1,1,258248,21,97,1,0,0,NA,NA,NA,NA,104227
2017-01-29,201705,36,36,36,36,0.394148,13.9401,0,1,410830420170519040,2022-02-12,0,1,258248,21,98,1,0,0,NA,NA,NA,NA,104227
2017-01-22,201704,30,30,30,30,0.048848,11.6167,0,1,410830420170419e3,2022-02-12,3,1,258248,19,98,0,0,0,NA,NA,NA,NA,104227
2017-01-15,201703,36,36,36,36,0.0371514,13.9401,0,2,410830420170319040,2022-02-12,1,1,258248,22,98,1,0,0,NA,NA,NA,NA,104227
2017-01-08,201702,52,52,52,52,0.20394,20.1357,0,2,410830420170219e3,2022-02-12,3,1,258248,23,98,1,0,1,NA,NA,NA,NA,104227
2017-01-01,201701,32,32,32,32,0.00913979,12.3912,0,2,410830420170119040,2022-02-12,4,1,258248,23,98,1,0,0,NA,NA,NA,NA,104227
2016-12-25,201652,95,95,95,95,0.999986,36.7863,0,1,410830420165219e3,2022-02-12,0,2,258248,23,96,1,1,1,NA,NA,NA,NA,104227
2016-12-18,201651,41,41,41,41,0.239907,15.8762,0,1,410830420165119040,2022-02-12,2,1,258248,21,97,1,0,0,NA,NA,NA,NA,104227
2016-12-11,201650,40,40,40,40,0.175271,15.489,0,1,410830420165019e3,2022-02-12,1,1,258248,19,91,0,0,0,NA,NA,NA,NA,104227
2016-12-04,201649,48,48,48,48,0.756754,18.5868,0,1,410830420164919040,2022-02-12,0,1,258248,20,100,0,0,0,NA,NA,NA,NA,104227
2016-11-27,201648,59,59,59,59,0.997959,22.8463,0,1,410830420164819e3,2022-02-12,0,2,258248,20,95,1,1,1,NA,NA,NA,NA,104227
2016-11-20,201647,40,40,40,40,0.90628,15.489,0,1,410830420164719040,2022-02-12,3,1,258248,17,98,0,0,0,NA,NA,NA,NA,104227
2016-11-13,201646,31,31,31,31,0.429534,12.004,0,1,410830420164619e3,2022-02-12,2,1,258248,17,99,0,0,0,NA,NA,NA,NA,104227
2016-11-06,201645,17,17,17,17,0.0113189,6.58282,0,1,410830420164519040,2022-02-12,7,1,258248,19,94,0,0,0,NA,NA,NA,NA,104227
2016-10-30,201644,46,46,46,46,0.922583,17.8123,0,1,410830420164419e3,2022-02-12,2,1,258248,16,92,0,0,0,NA,NA,NA,NA,104227
2016-10-23,201643,26,26,26,26,0.208509,10.0678,0,1,410830420164319040,2022-02-12,0,1,258248,17,98,0,0,0,NA,NA,NA,NA,104227
2016-10-16,201642,33,33,33,33,0.842775,12.7784,0,1,410830420164219e3,2022-02-12,3,1,258248,21,89,1,0,0,NA,NA,NA,NA,104227
2016-10-09,201641,43,43,43,43,0.998888,16.6507,0,1,410830420164119040,2022-02-12,2,2,258248,16,91,0,0,0,NA,NA,NA,NA,104227
2016-10-02,201640,18,18,18,18,0.588503,6.97004,0,1,410830420164019e3,2022-02-12,3,1,258248,14,96,0,0,0,NA,NA,NA,NA,104227
2016-09-25,201639,22,22,22,22,0.811784,8.51894,0,1,410830420163919040,2022-02-12,3,1,258248,13,94,0,0,0,NA,NA,NA,NA,104227
2016-09-18,201638,11,11,11,11,0.264499,4.25947,0,1,410830420163819e3,2022-02-12,1,1,258248,14,92,0,0,0,NA,NA,NA,NA,104227
2016-09-11,201637,21,21,21,21,0.96522,8.13172,0,1,410830420163719040,2022-02-12,2,2,258248,14,87,0,0,0,NA,NA,NA,NA,104227
2016-09-04,201636,17,17,17,17,0.858769,6.58282,0,1,410830420163619e3,2022-02-12,3,1,258248,9,99,0,0,0,NA,NA,NA,NA,104227
2016-08-28,201635,3,3,3,3,0.00695289,1.16167,0,1,410830420163519040,2022-02-12,22,0,258248,14,95,0,0,0,NA,NA,NA,NA,104227
2016-08-21,201634,16,16,16,16,0.823575,6.19559,0,1,410830420163419e3,2022-02-12,3,1,258248,12,96,0,0,0,NA,NA,NA,NA,104227
2016-08-14,201633,11,11,11,11,0.515757,4.25947,0,1,410830420163319040,2022-02-12,3,1,258248,16,97,0,0,0,NA,NA,NA,NA,104227
2016-08-07,201632,12,12,12,12,0.583402,4.6467,0,1,410830420163219e3,2022-02-12,1,1,258248,11,97,0,0,0,NA,NA,NA,NA,104227
2016-07-31,201631,9,9,9,9,0.36306,3.48502,0,1,410830420163119040,2022-02-12,2,1,258248,16,90,0,0,0,NA,NA,NA,NA,104227
2016-07-24,201630,13,13,13,13,0.769116,5.03392,0,1,410830420163019e3,2022-02-12,0,1,258248,13,91,0,0,0,NA,NA,NA,NA,104227
2016-07-17,201629,10,10,10,10,0.603302,3.87225,0,1,410830420162919040,2022-02-12,1,1,258248,5,100,0,0,0,NA,NA,NA,NA,104227
2016-07-10,201628,10,10,10,10,0.578162,3.87225,0,1,410830420162819e3,2022-02-12,3,1,258248,16,94,0,0,0,NA,NA,NA,NA,104227
2016-07-03,201627,8,8,8,8,0.258526,3.0978,0,1,410830420162719040,2022-02-12,1,1,258248,12,90,0,0,0,NA,NA,NA,NA,104227
2016-06-26,201626,9,9,9,9,0.184875,3.48502,0,1,410830420162619e3,2022-02-12,3,1,258248,15,91,0,0,0,NA,NA,NA,NA,104227
2016-06-19,201625,9,9,9,9,0.0432661,3.48502,0,1,410830420162519040,2022-02-12,4,1,258248,12,97,0,0,0,NA,NA,NA,NA,104227
2016-06-12,201624,16,16,16,16,0.0171593,6.19559,0,1,410830420162419e3,2022-02-12,0,1,258248,9,93,0,0,0,NA,NA,NA,NA,104227
2016-06-05,201623,10,10,10,10,6.26137e-10,3.87225,0,1,410830420162319040,2022-02-12,1,0,258248,4,99,0,0,0,NA,NA,NA,NA,104227
2016-05-29,201622,27,27,27,27,5.50227e-13,10.4551,0,1,410830420162219e3,2022-02-12,1,0,258248,10,100,0,0,0,NA,NA,NA,NA,104227
2016-05-22,201621,43,43,43,43,0,16.6507,0,2,410830420162119040,2022-02-12,2,0,258248,12,97,0,0,0,NA,NA,NA,NA,104227
2016-05-15,201620,89,89,89,89,0,34.463,0,2,410830420162019e3,2022-02-12,2,0,258248,13,97,0,0,1,NA,NA,NA,NA,104227
2016-05-08,201619,187,187,187,187,2.3954e-10,72.411,0,2,410830420161919040,2022-02-12,0,1,258248,17,99,0,0,1,NA,NA,NA,NA,104227
2016-05-01,201618,225,225,225,225,2.22045e-16,87.1256,0,2,410830420161819e3,2022-02-12,7,1,258248,13,97,0,0,1,NA,NA,NA,NA,104227
2016-04-24,201617,292,292,292,292,0,113.07,0,4,410830420161719040,2022-02-12,2,1,258248,12,95,0,0,1,NA,NA,NA,NA,104227
2016-04-17,201616,489,489,489,489,8.63655e-10,189.353,0,4,410830420161619e3,2022-02-12,4,1,258248,22,90,1,0,2,NA,NA,NA,NA,104227
2016-04-10,201615,452,452,452,452,0,175.026,0,4,410830420161519040,2022-02-12,6,1,258248,22,93,1,0,2,NA,NA,NA,NA,104227
2016-04-03,201614,741,741,741,741,1.30768e-6,286.934,0,4,410830420161419e3,2022-02-12,13,1,258248,23,93,1,0,2,NA,NA,NA,NA,104227
2016-03-27,201613,878,878,878,878,3.06629e-7,339.983,0,4,410830420161319040,2022-02-12,17,1,258248,18,97,0,0,2,NA,NA,NA,NA,104227
2016-03-20,201612,870,870,870,870,0,336.885,0,4,410830420161219e3,2022-02-12,32,1,258248,20,96,1,0,2,NA,NA,NA,NA,104227
2016-03-13,201611,1052,1052,1052,1052,0,407.36,0,4,410830420161119040,2022-02-12,29,1,258248,21,94,1,0,2,NA,NA,NA,NA,104227
2016-03-06,201610,1312,1312,1312,1312,0,508.039,0,4,410830420161019e3,2022-02-12,15,1,258248,18,97,0,0,2,NA,NA,NA,NA,104227
2016-02-28,201609,1756,1756,1756,1756,0.0687168,679.967,0,4,410830420160919040,2022-02-12,23,1,258248,20,93,0,0,2,NA,NA,NA,NA,104227
2016-02-21,201608,2112,2112,2112,2112,1,817.819,0,4,410830420160819e3,2022-02-12,19,1,258248,23,94,1,1,2,NA,NA,NA,NA,104227
2016-02-14,201607,1827,1827,1827,1827,1,707.459,0,4,410830420160719040,2022-02-12,23,1,258248,24,94,1,1,2,NA,NA,NA,NA,104227
2016-02-07,201606,1776,1776,1776,1776,1,687.711,0,4,410830420160619e3,2022-02-12,29,2,258248,24,93,1,1,2,NA,NA,NA,NA,104227
2016-01-31,201605,1397,1397,1397,1397,1,540.953,0,4,410830420160519040,2022-02-12,27,2,258248,22,96,1,1,2,NA,NA,NA,NA,104227
2016-01-24,201604,1156,1156,1156,1156,1,447.632,0,4,410830420160419e3,2022-02-12,19,2,258248,22,93,1,1,2,NA,NA,NA,NA,104227
2016-01-17,201603,873,873,873,873,1,338.047,0,3,410830420160319040,2022-02-12,10,3,258248,21,92,1,1,2,NA,NA,NA,NA,104227
2016-01-10,201602,501,501,501,501,1,194,0,3,410830420160219e3,2022-02-12,9,3,258248,23,95,1,1,2,NA,NA,NA,NA,104227
2016-01-03,201601,295,295,295,295,1,114.231,0,2,410830420160119040,2022-02-12,6,2,258248,24,94,1,1,1,NA,NA,NA,NA,104227
2015-12-27,201552,84,84,84,84,1.23805e-4,32.5269,0,2,410830420155219e3,2022-02-12,11,1,258248,23,95,1,0,1,NA,NA,NA,NA,104227
2015-12-20,201551,111,111,111,111,0.0023825,42.9819,0,2,410830420155119040,2022-02-12,3,1,258248,23,94,1,0,1,NA,NA,NA,NA,104227
2015-12-13,201550,128,128,128,128,0.15139,49.5648,0,3,410830420155019e3,2022-02-12,6,1,258248,21,94,1,0,1,NA,NA,NA,NA,104227
2015-12-06,201549,196,196,196,196,0.999999,75.896,0,3,410830420154919040,2022-02-12,9,2,258248,19,95,0,1,1,NA,NA,NA,NA,104227
2015-11-29,201548,145,145,145,145,0.999998,56.1476,0,3,410830420154819e3,2022-02-12,8,2,258248,20,97,0,1,1,NA,NA,NA,NA,104227
2015-11-22,201547,120,120,120,120,0.999999,46.467,0,1,410830420154719040,2022-02-12,1,2,258248,21,95,1,1,1,NA,NA,NA,NA,104227
2015-11-15,201546,66,66,66,66,0.918967,25.5568,0,1,410830420154619e3,2022-02-12,1,1,258248,18,97,0,0,1,NA,NA,NA,NA,104227
2015-11-08,201545,46,46,46,46,0.404644,17.8123,0,1,410830420154519040,2022-02-12,0,1,258248,21,92,1,0,0,NA,NA,NA,NA,104227
2015-11-01,201544,54,54,54,54,0.896712,20.9101,0,1,410830420154419e3,2022-02-12,5,1,258248,19,95,0,0,1,NA,NA,NA,NA,104227
2015-10-25,201543,50,50,50,50,0.982348,19.3612,0,1,410830420154319040,2022-02-12,2,2,258248,20,97,1,0,0,NA,NA,NA,NA,104227
2015-10-18,201542,46,46,46,46,0.998783,17.8123,0,1,410830420154219e3,2022-02-12,0,2,258248,21,88,1,0,0,NA,NA,NA,NA,104227
2015-10-11,201541,30,30,30,30,0.981892,11.6167,0,1,410830420154119040,2022-02-12,2,2,258248,17,97,0,0,0,NA,NA,NA,NA,104227
2015-10-04,201540,19,19,19,19,0.783872,7.35727,0,1,410830420154019e3,2022-02-12,2,1,258248,19,91,0,0,0,NA,NA,NA,NA,104227
2015-09-27,201539,14,14,14,14,0.378177,5.42115,0,1,410830420153919040,2022-02-12,3,1,258248,16,98,0,0,0,NA,NA,NA,NA,104227
2015-09-20,201538,14,14,14,14,0.207486,5.42115,0,1,410830420153819e3,2022-02-12,1,1,258248,20,85,1,0,0,NA,NA,NA,NA,104227
2015-09-13,201537,14,14,14,14,0.0955227,5.42115,0,1,410830420153719040,2022-02-12,1,1,258248,17,85,0,0,0,NA,NA,NA,NA,104227
2015-09-06,201536,19,19,19,19,0.16452,7.35727,0,1,410830420153619e3,2022-02-12,0,1,258248,12,96,0,0,0,NA,NA,NA,NA,104227
2015-08-30,201535,23,23,23,23,0.161914,8.90617,0,1,410830420153519040,2022-02-12,2,1,258248,16,92,0,0,0,NA,NA,NA,NA,104227
2015-08-23,201534,21,21,21,21,0.0384367,8.13172,0,1,410830420153419e3,2022-02-12,1,1,258248,15,97,0,0,0,NA,NA,NA,NA,104227
2015-08-16,201533,36,36,36,36,0.399609,13.9401,0,1,410830420153319040,2022-02-12,3,1,258248,14,92,0,0,0,NA,NA,NA,NA,104227
2015-08-09,201532,29,29,29,29,0.111555,11.2295,0,1,410830420153219e3,2022-02-12,1,1,258248,18,87,0,0,0,NA,NA,NA,NA,104227
2015-08-02,201531,41,41,41,41,0.72652,15.8762,0,1,410830420153119040,2022-02-12,2,1,258248,17,80,0,0,0,NA,NA,NA,NA,104227
2015-07-26,201530,46,46,46,46,0.890382,17.8123,0,1,410830420153019e3,2022-02-12,2,1,258248,14,96,0,0,0,NA,NA,NA,NA,104227
2015-07-19,201529,29,29,29,29,0.1331,11.2295,0,1,410830420152919040,2022-02-12,1,1,258248,11,99,0,0,0,NA,NA,NA,NA,104227
2015-07-12,201528,36,36,36,36,0.113952,13.9401,0,1,410830420152819e3,2022-02-12,1,1,258248,16,98,0,0,0,NA,NA,NA,NA,104227
2015-07-05,201527,36,36,36,36,0.0013006,13.9401,0,1,410830420152719040,2022-02-12,0,1,258248,13,98,0,0,0,NA,NA,NA,NA,104227
2015-06-28,201526,40,40,40,40,4.49898e-7,15.489,0,1,410830420152619e3,2022-02-12,3,0,258248,13,98,0,0,0,NA,NA,NA,NA,104227
2015-06-21,201525,61,61,61,61,5.51395e-8,23.6207,0,1,410830420152519040,2022-02-12,2,0,258248,15,96,0,0,1,NA,NA,NA,NA,104227
2015-06-14,201524,91,91,91,91,1.66435e-7,35.2374,0,1,410830420152419e3,2022-02-12,4,1,258248,9,98,0,0,1,NA,NA,NA,NA,104227
2015-06-07,201523,135,135,135,135,2.82676e-5,52.2753,0,1,410830420152319040,2022-02-12,3,1,258248,17,97,0,0,1,NA,NA,NA,NA,104227
2015-05-31,201522,175,175,175,175,3.13594e-4,67.7643,0,2,410830420152219e3,2022-02-12,5,1,258248,15,99,0,0,1,NA,NA,NA,NA,104227
2015-05-24,201521,212,212,212,212,6.9089e-5,82.0916,0,2,410830420152119040,2022-02-12,5,1,258248,16,100,0,0,1,NA,NA,NA,NA,104227
2015-05-17,201520,245,245,245,245,7.06402e-8,94.87,0,2,410830420152019e3,2022-02-12,13,1,258248,17,98,0,0,1,NA,NA,NA,NA,104227
2015-05-10,201519,260,260,260,260,3.80381e-11,100.678,0,2,410830420151919040,2022-02-12,10,1,258248,14,100,0,0,1,NA,NA,NA,NA,104227
2015-05-03,201518,393,393,393,393,0.0807286,152.179,0,4,410830420151819e3,2022-02-12,22,1,258248,12,99,0,0,1,NA,NA,NA,NA,104227
2015-04-26,201517,487,487,487,487,0.969389,188.578,0,4,410830420151719040,2022-02-12,10,1,258248,16,99,0,1,2,NA,NA,NA,NA,104227
2015-04-19,201516,425,425,425,425,0.376779,164.57,0,2,410830420151619e3,2022-02-12,11,1,258248,18,100,0,0,2,NA,NA,NA,NA,104227
2015-04-12,201515,398,398,398,398,0.496805,154.115,0,4,410830420151519040,2022-02-12,11,1,258248,19,100,0,0,1,NA,NA,NA,NA,104227
2015-04-05,201514,489,489,489,489,1,189.353,0,3,410830420151419e3,2022-02-12,21,2,258248,17,99,0,1,2,NA,NA,NA,NA,104227
2015-03-29,201513,420,420,420,420,1,162.634,0,3,410830420151319040,2022-02-12,10,2,258248,18,100,0,1,2,NA,NA,NA,NA,104227
2015-03-22,201512,317,317,317,317,1,122.75,0,3,410830420151219e3,2022-02-12,7,2,258248,18,99,0,1,1,NA,NA,NA,NA,104227
2015-03-15,201511,248,248,248,248,1,96.0317,0,3,410830420151119040,2022-02-12,9,2,258248,21,97,1,1,1,NA,NA,NA,NA,104227
2015-03-08,201510,169,169,169,169,1,65.441,0,3,410830420151019e3,2022-02-12,0,2,258248,20,99,0,1,1,NA,NA,NA,NA,104227
2015-03-01,201509,108,108,108,108,0.999409,41.8203,0,3,410830420150919040,2022-02-12,0,2,258248,23,97,1,1,1,NA,NA,NA,NA,104227
2015-02-22,201508,95,95,95,95,0.999976,36.7863,0,3,410830420150819e3,2022-02-12,2,2,258248,22,97,1,1,1,NA,NA,NA,NA,104227
2015-02-15,201507,59,59,59,59,0.990996,22.8463,0,2,410830420150719040,2022-02-12,2,2,258248,21,97,1,1,1,NA,NA,NA,NA,104227
2015-02-08,201506,48,48,48,48,0.959287,18.5868,0,2,410830420150619e3,2022-02-12,3,1,258248,22,97,1,0,0,NA,NA,NA,NA,104227
2015-02-01,201505,27,27,27,27,0.405039,10.4551,0,2,410830420150519040,2022-02-12,1,1,258248,22,97,1,0,0,NA,NA,NA,NA,104227
2015-01-25,201504,36,36,36,36,0.955908,13.9401,0,2,410830420150419e3,2022-02-12,0,2,258248,21,97,1,0,0,NA,NA,NA,NA,104227
2015-01-18,201503,33,33,33,33,0.97899,12.7784,0,2,410830420150319040,2022-02-12,2,2,258248,22,97,1,0,0,NA,NA,NA,NA,104227
2015-01-11,201502,17,17,17,17,0.574321,6.58282,0,2,410830420150219e3,2022-02-12,1,1,258248,22,95,1,0,0,NA,NA,NA,NA,104227
2015-01-04,201501,24,24,24,24,0.870917,9.29339,0,1,410830420150119040,2022-02-12,0,1,258248,22,96,1,0,0,NA,NA,NA,NA,104227
2014-12-28,201453,8,8,8,8,0.0128599,3.0978,0,1,410830420145319040,2022-02-12,0,0,258248,21,97,1,0,0,NA,NA,NA,NA,104227
2014-12-21,201452,21,21,21,21,0.536035,8.13172,0,1,410830420145219e3,2022-02-12,0,1,258248,20,96,0,0,0,NA,NA,NA,NA,104227
2014-12-14,201451,15,15,15,15,0.303254,5.80837,0,1,410830420145119040,2022-02-12,1,1,258248,21,97,1,0,0,NA,NA,NA,NA,104227
2014-12-07,201450,29,29,29,29,0.973506,11.2295,0,1,410830420145019e3,2022-02-12,9,2,258248,21,96,1,0,0,NA,NA,NA,NA,104227
2014-11-30,201449,13,13,13,13,0.314609,5.03392,0,1,410830420144919040,2022-02-12,1,1,258248,20,94,0,0,0,NA,NA,NA,NA,104227
2014-11-23,201448,16,16,16,16,0.667801,6.19559,0,1,410830420144819e3,2022-02-12,0,1,258248,20,97,0,0,0,NA,NA,NA,NA,104227
2014-11-16,201447,18,18,18,18,0.878538,6.97004,0,1,410830420144719040,2022-02-12,2,2,258248,19,95,0,0,0,NA,NA,NA,NA,104227
2014-11-09,201446,13,13,13,13,0.61658,5.03392,0,1,410830420144619e3,2022-02-12,1,1,258248,16,97,0,0,0,NA,NA,NA,NA,104227
2014-11-02,201445,11,11,11,11,0.357257,4.25947,0,1,410830420144519040,2022-02-12,0,1,258248,20,99,1,0,0,NA,NA,NA,NA,104227
2014-10-26,201444,10,10,10,10,0.234961,3.87225,0,1,410830420144419e3,2022-02-12,2,1,258248,21,93,1,0,0,NA,NA,NA,NA,104227
2014-10-19,201443,14,14,14,14,0.58261,5.42115,0,1,410830420144319040,2022-02-12,2,1,258248,19,88,0,0,0,NA,NA,NA,NA,104227
2014-10-12,201442,14,14,14,14,0.734742,5.42115,0,1,410830420144219e3,2022-02-12,1,1,258248,22,90,1,0,0,NA,NA,NA,NA,104227
2014-10-05,201441,13,13,13,13,0.806603,5.03392,0,1,410830420144119040,2022-02-12,3,1,258248,18,91,0,0,0,NA,NA,NA,NA,104227
2014-09-28,201440,14,14,14,14,0.753357,5.42115,0,1,410830420144019e3,2022-02-12,1,1,258248,18,92,0,0,0,NA,NA,NA,NA,104227
2014-09-21,201439,3,3,3,3,0.00290964,1.16167,0,1,410830420143919040,2022-02-12,3,0,258248,16,97,0,0,0,NA,NA,NA,NA,104227
2014-09-14,201438,12,12,12,12,0.39104,4.6467,0,1,410830420143819e3,2022-02-12,0,1,258248,16,98,0,0,0,NA,NA,NA,NA,104227
2014-09-07,201437,14,14,14,14,0.783972,5.42115,0,1,410830420143719040,2022-02-12,0,1,258248,19,93,0,0,0,NA,NA,NA,NA,104227
2014-08-31,201436,18,18,18,18,0.97986,6.97004,0,1,410830420143619e3,2022-02-12,0,2,258248,18,95,0,0,0,NA,NA,NA,NA,104227
2014-08-24,201435,7,7,7,7,0.441845,2.71057,0,1,410830420143519040,2022-02-12,0,1,258248,10,92,0,0,0,NA,NA,NA,NA,104227
2014-08-17,201434,8,8,8,8,0.494923,3.0978,0,1,410830420143419e3,2022-02-12,1,1,258248,17,92,0,0,0,NA,NA,NA,NA,104227
2014-08-10,201433,6,6,6,6,0.278963,2.32335,0,1,410830420143319040,2022-02-12,0,1,258248,13,90,0,0,0,NA,NA,NA,NA,104227
2014-08-03,201432,10,10,10,10,0.598057,3.87225,0,1,410830420143219e3,2022-02-12,1,1,258248,15,93,0,0,0,NA,NA,NA,NA,104227
2014-07-27,201431,7,7,7,7,0.169369,2.71057,0,1,410830420143119040,2022-02-12,1,1,258248,15,93,0,0,0,NA,NA,NA,NA,104227
2014-07-20,201430,8,8,8,8,0.159,3.0978,0,1,410830420143019e3,2022-02-12,3,1,258248,10,98,0,0,0,NA,NA,NA,NA,104227
2014-07-13,201429,11,11,11,11,0.335665,4.25947,0,1,410830420142919040,2022-02-12,1,1,258248,14,95,0,0,0,NA,NA,NA,NA,104227
2014-07-06,201428,15,15,15,15,0.45898,5.80837,0,1,410830420142819e3,2022-02-12,4,1,258248,12,98,0,0,0,NA,NA,NA,NA,104227
2014-06-29,201427,10,10,10,10,0.0386604,3.87225,0,1,410830420142719040,2022-02-12,1,1,258248,14,93,0,0,0,NA,NA,NA,NA,104227
2014-06-22,201426,15,15,15,15,0.193837,5.80837,0,1,410830420142619e3,2022-02-12,1,1,258248,17,97,0,0,0,NA,NA,NA,NA,104227
2014-06-15,201425,20,20,20,20,0.654243,7.74449,0,1,410830420142519040,2022-02-12,1,1,258248,13,100,0,0,0,NA,NA,NA,NA,104227
2014-06-08,201424,27,27,27,27,0.833237,10.4551,0,1,410830420142419e3,2022-02-12,1,1,258248,16,97,0,0,0,NA,NA,NA,NA,104227
2014-06-01,201423,11,11,11,11,0.00160896,4.25947,0,1,410830420142319040,2022-02-12,1,0,258248,13,97,0,0,0,NA,NA,NA,NA,104227
2014-05-25,201422,15,15,15,15,0.00202732,5.80837,0,1,410830420142219e3,2022-02-12,0,0,258248,11,98,0,0,0,NA,NA,NA,NA,104227
2014-05-18,201421,33,33,33,33,0.50231,12.7784,0,1,410830420142119040,2022-02-12,4,1,258248,15,97,0,0,0,NA,NA,NA,NA,104227
2014-05-11,201420,40,40,40,40,0.930357,15.489,0,1,410830420142019e3,2022-02-12,1,1,258248,16,98,0,0,0,NA,NA,NA,NA,104227
2014-05-04,201419,36,36,36,36,0.927705,13.9401,0,1,410830420141919040,2022-02-12,5,1,258248,17,97,0,0,0,NA,NA,NA,NA,104227
2014-04-27,201418,23,23,23,23,0.606855,8.90617,0,1,410830420141819e3,2022-02-12,0,1,258248,16,98,0,0,0,NA,NA,NA,NA,104227
2014-04-20,201417,27,27,27,27,0.898628,10.4551,0,1,410830420141719040,2022-02-12,2,1,258248,16,100,0,0,0,NA,NA,NA,NA,104227
2014-04-13,201416,24,24,24,24,0.742941,9.29339,0,1,410830420141619e3,2022-02-12,1,1,258248,15,100,0,0,0,NA,NA,NA,NA,104227
2014-04-06,201415,10,10,10,10,0.0300311,3.87225,0,1,410830420141519040,2022-02-12,1,0,258248,21,97,1,0,0,NA,NA,NA,NA,104227
2014-03-30,201414,25,25,25,25,0.817738,9.68062,0,1,410830420141419e3,2022-02-12,2,1,258248,20,94,1,0,0,NA,NA,NA,NA,104227
2014-03-23,201413,21,21,21,21,0.616201,8.13172,0,1,410830420141319040,2022-02-12,0,1,258248,18,95,0,0,0,NA,NA,NA,NA,104227
2014-03-16,201412,16,16,16,16,0.326785,6.19559,0,1,410830420141219e3,2022-02-12,2,1,258248,20,96,1,0,0,NA,NA,NA,NA,104227
2014-03-09,201411,21,21,21,21,0.749145,8.13172,0,1,410830420141119040,2022-02-12,1,1,258248,20,95,0,0,0,NA,NA,NA,NA,104227
2014-03-02,201410,20,20,20,20,0.663557,7.74449,0,1,410830420141019e3,2022-02-12,0,1,258248,19,97,0,0,0,NA,NA,NA,NA,104227
2014-02-23,201409,16,16,16,16,0.177755,6.19559,0,1,410830420140919040,2022-02-12,0,1,258248,20,96,0,0,0,NA,NA,NA,NA,104227
2014-02-16,201408,13,13,13,13,0.0132061,5.03392,0,2,410830420140819e3,2022-02-12,1,0,258248,22,83,1,0,0,NA,NA,NA,NA,104227
2014-02-09,201407,24,24,24,24,0.156474,9.29339,0,2,410830420140719040,2022-02-12,0,1,258248,22,90,1,0,0,NA,NA,NA,NA,104227
2014-02-02,201406,25,25,25,25,0.162853,9.68062,0,2,410830420140619e3,2022-02-12,1,1,258248,23,86,1,0,0,NA,NA,NA,NA,104227
2014-01-26,201405,33,33,33,33,0.761617,12.7784,0,2,410830420140519040,2022-02-12,3,1,258248,23,92,1,0,0,NA,NA,NA,NA,104227
2014-01-19,201404,39,39,39,39,0.98813,15.1018,0,2,410830420140419e3,2022-02-12,1,2,258248,23,91,1,0,0,NA,NA,NA,NA,104227
2014-01-12,201403,26,26,26,26,0.785042,10.0678,0,2,410830420140319040,2022-02-12,0,1,258248,21,95,1,0,0,NA,NA,NA,NA,104227
2014-01-05,201402,21,21,21,21,0.218326,8.13172,0,2,410830420140219e3,2022-02-12,0,1,258248,22,94,1,0,0,NA,NA,NA,NA,104227
2013-12-29,201401,13,13,13,13,9.92989e-4,5.03392,0,2,410830420140119040,2022-02-12,5,0,258248,23,95,1,0,0,NA,NA,NA,NA,104227
2013-12-22,201352,29,29,29,29,0.11426,11.2295,0,1,410830420135219e3,2022-02-12,0,1,258248,22,92,1,0,0,NA,NA,NA,NA,104227
2013-12-15,201351,33,33,33,33,0.184607,12.7784,0,1,410830420135119040,2022-02-12,4,1,258248,21,95,1,0,0,NA,NA,NA,NA,104227
2013-12-08,201350,42,42,42,42,0.463179,16.2634,0,2,410830420135019e3,2022-02-12,1,1,258248,20,96,0,0,0,NA,NA,NA,NA,104227
2013-12-01,201349,43,43,43,43,0.216075,16.6507,0,2,410830420134919040,2022-02-12,1,1,258248,20,96,1,0,0,NA,NA,NA,NA,104227
2013-11-24,201348,35,35,35,35,0.00459106,13.5529,0,2,410830420134819e3,2022-02-12,1,1,258248,21,92,1,0,0,NA,NA,NA,NA,104227
2013-11-17,201347,52,52,52,52,0.122281,20.1357,0,2,410830420134719040,2022-02-12,1,1,258248,19,94,0,0,1,NA,NA,NA,NA,104227
2013-11-10,201346,61,61,61,61,0.530156,23.6207,0,3,410830420134619e3,2022-02-12,4,1,258248,19,88,0,0,1,NA,NA,NA,NA,104227
2013-11-03,201345,74,74,74,74,0.981784,28.6546,0,3,410830420134519040,2022-02-12,0,1,258248,18,89,0,1,1,NA,NA,NA,NA,104227
2013-10-27,201344,59,59,59,59,0.977463,22.8463,0,3,410830420134419e3,2022-02-12,2,2,258248,19,89,0,1,1,NA,NA,NA,NA,104227
2013-10-20,201343,55,55,55,55,0.997743,21.2974,0,1,410830420134319040,2022-02-12,1,2,258248,19,92,0,1,1,NA,NA,NA,NA,104227
2013-10-13,201342,37,37,37,37,0.97728,14.3273,0,1,410830420134219e3,2022-02-12,3,2,258248,18,97,0,0,0,NA,NA,NA,NA,104227
2013-10-06,201341,28,28,28,28,0.946227,10.8423,0,1,410830420134119040,2022-02-12,0,2,258248,16,86,0,0,0,NA,NA,NA,NA,104227
2013-09-29,201340,22,22,22,22,0.642587,8.51894,0,1,410830420134019e3,2022-02-12,2,1,258248,15,98,0,0,0,NA,NA,NA,NA,104227
2013-09-22,201339,15,15,15,15,0.0443197,5.80837,0,1,410830420133919040,2022-02-12,0,1,258248,11,91,0,0,0,NA,NA,NA,NA,104227
2013-09-15,201338,9,9,9,9,0.00594646,3.48502,0,1,410830420133819e3,2022-02-12,2,0,258248,12,95,0,0,0,NA,NA,NA,NA,104227
2013-09-08,201337,41,41,41,41,0.999869,15.8762,0,1,410830420133719040,2022-02-12,7,3,258248,17,84,0,0,0,NA,NA,NA,NA,104227
2013-09-01,201336,24,24,24,24,0.992463,9.29339,0,1,410830420133619e3,2022-02-12,0,2,258248,15,91,0,0,0,NA,NA,NA,NA,104227
2013-08-25,201335,9,9,9,9,0.473123,3.48502,0,1,410830420133519040,2022-02-12,0,1,258248,7,95,0,0,0,NA,NA,NA,NA,104227
2013-08-18,201334,10,10,10,10,0.578078,3.87225,0,1,410830420133419e3,2022-02-12,2,1,258248,13,84,0,0,0,NA,NA,NA,NA,104227
2013-08-11,201333,9,9,9,9,0.584354,3.48502,0,1,410830420133319040,2022-02-12,0,1,258248,5,97,0,0,0,NA,NA,NA,NA,104227
2013-08-04,201332,9,9,9,9,0.721699,3.48502,0,1,410830420133219e3,2022-02-12,0,1,258248,12,92,0,0,0,NA,NA,NA,NA,104227
2013-07-28,201331,11,11,11,11,0.639857,4.25947,0,1,410830420133119040,2022-02-12,2,1,258248,13,93,0,0,0,NA,NA,NA,NA,104227
2013-07-21,201330,3,3,3,3,8.07953e-4,1.16167,0,1,410830420133019e3,2022-02-12,3,0,258248,3,96,0,0,0,NA,NA,NA,NA,104227
2013-07-14,201329,5,5,5,5,0.00120869,1.93612,0,1,410830420132919040,2022-02-12,0,0,258248,11,97,0,0,0,NA,NA,NA,NA,104227
2013-07-07,201328,20,20,20,20,0.484889,7.74449,0,1,410830420132819e3,2022-02-12,2,1,258248,15,95,0,0,0,NA,NA,NA,NA,104227
2013-06-30,201327,22,22,22,22,0.332076,8.51894,0,1,410830420132719040,2022-02-12,3,1,258248,14,95,0,0,0,NA,NA,NA,NA,104227
2013-06-23,201326,16,16,16,16,0.0018393,6.19559,0,1,410830420132619e3,2022-02-12,1,0,258248,14,100,0,0,0,NA,NA,NA,NA,104227
2013-06-16,201325,23,23,23,23,1.71223e-4,8.90617,0,1,410830420132519040,2022-02-12,6,0,258248,14,100,0,0,0,NA,NA,NA,NA,104227
2013-06-09,201324,30,30,30,30,1.65007e-5,11.6167,0,1,410830420132419e3,2022-02-12,0,0,258248,13,98,0,0,0,NA,NA,NA,NA,104227
2013-06-02,201323,58,58,58,58,0.00475714,22.459,0,1,410830420132319040,2022-02-12,4,1,258248,13,98,0,0,1,NA,NA,NA,NA,104227
2013-05-26,201322,70,70,70,70,2.82041e-4,27.1057,0,1,410830420132219e3,2022-02-12,3,1,258248,13,96,0,0,1,NA,NA,NA,NA,104227
2013-05-19,201321,87,87,87,87,1.17086e-6,33.6885,0,2,410830420132119040,2022-02-12,8,1,258248,16,98,0,0,1,NA,NA,NA,NA,104227
2013-05-12,201320,103,103,103,103,2.23666e-12,39.8841,0,2,410830420132019e3,2022-02-12,6,0,258248,14,98,0,0,1,NA,NA,NA,NA,104227
2013-05-05,201319,160,160,160,160,6.90559e-14,61.9559,0,2,410830420131919040,2022-02-12,7,0,258248,10,97,0,0,1,NA,NA,NA,NA,104227
2013-04-28,201318,197,197,197,197,0,76.2833,0,2,410830420131819e3,2022-02-12,8,0,258248,19,95,0,0,1,NA,NA,NA,NA,104227
2013-04-21,201317,324,324,324,324,3.31781e-8,125.461,0,4,410830420131719040,2022-02-12,6,1,258248,16,97,0,0,1,NA,NA,NA,NA,104227
2013-04-14,201316,434,434,434,434,0.0230151,168.056,0,4,410830420131619e3,2022-02-12,24,1,258248,10,99,0,0,2,NA,NA,NA,NA,104227
2013-04-07,201315,511,511,511,511,0.614433,197.872,0,4,410830420131519040,2022-02-12,13,1,258248,19,95,0,0,2,NA,NA,NA,NA,104227
2013-03-31,201314,503,503,503,503,0.446599,194.774,0,4,410830420131419e3,2022-02-12,13,1,258248,19,98,0,0,2,NA,NA,NA,NA,104227
2013-03-24,201313,475,475,475,475,0.694715,183.932,0,4,410830420131319040,2022-02-12,6,1,258248,16,97,0,0,2,NA,NA,NA,NA,104227
2013-03-17,201312,550,550,550,550,1,212.974,0,3,410830420131219e3,2022-02-12,17,2,258248,18,93,0,1,2,NA,NA,NA,NA,104227
2013-03-10,201311,526,526,526,526,1,203.68,0,3,410830420131119040,2022-02-12,15,2,258248,20,96,0,1,2,NA,NA,NA,NA,104227
2013-03-03,201310,324,324,324,324,1,125.461,0,3,410830420131019e3,2022-02-12,14,2,258248,20,96,1,1,1,NA,NA,NA,NA,104227
2013-02-24,201309,217,217,217,217,0.999986,84.0278,0,3,410830420130919040,2022-02-12,9,2,258248,20,92,0,1,1,NA,NA,NA,NA,104227
2013-02-17,201308,166,166,166,166,0.997192,64.2793,0,2,410830420130819e3,2022-02-12,5,1,258248,21,96,1,1,1,NA,NA,NA,NA,104227
2013-02-10,201307,121,121,121,121,0.93444,46.8542,0,3,410830420130719040,2022-02-12,1,1,258248,21,95,1,0,1,NA,NA,NA,NA,104227
2013-02-03,201306,137,137,137,137,0.999976,53.0498,0,3,410830420130619e3,2022-02-12,2,2,258248,19,95,0,1,1,NA,NA,NA,NA,104227
2013-01-27,201305,90,90,90,90,0.987831,34.8502,0,3,410830420130519040,2022-02-12,7,1,258248,21,89,1,1,1,NA,NA,NA,NA,104227
2013-01-20,201304,83,83,83,83,0.991667,32.1396,0,2,410830420130419e3,2022-02-12,1,2,258248,20,90,0,1,1,NA,NA,NA,NA,104227
2013-01-13,201303,51,51,51,51,0.66971,19.7485,0,3,410830420130319040,2022-02-12,7,1,258248,20,93,0,0,1,NA,NA,NA,NA,104227
2013-01-06,201302,57,57,57,57,0.991687,22.0718,0,3,410830420130219e3,2022-02-12,3,2,258248,21,95,1,1,1,NA,NA,NA,NA,104227
2012-12-30,201301,59,59,59,59,0.999458,22.8463,0,2,410830420130119040,2022-02-12,2,2,258248,20,97,1,1,1,NA,NA,NA,NA,104227
2012-12-23,201252,20,20,20,20,0.120264,7.74449,0,2,410830420125219e3,2022-02-12,2,1,258248,23,91,1,0,0,NA,NA,NA,NA,104227
2012-12-16,201251,30,30,30,30,0.744657,11.6167,0,2,410830420125119040,2022-02-12,1,1,258248,22,93,1,0,0,NA,NA,NA,NA,104227
2012-12-09,201250,30,30,30,30,0.906371,11.6167,0,2,410830420125019e3,2022-02-12,4,1,258248,21,95,1,0,0,NA,NA,NA,NA,104227
2012-12-02,201249,28,28,28,28,0.943234,10.8423,0,1,410830420124919040,2022-02-12,2,2,258248,22,93,1,0,0,NA,NA,NA,NA,104227
2012-11-25,201248,16,16,16,16,0.611203,6.19559,0,1,410830420124819e3,2022-02-12,0,1,258248,20,91,1,0,0,NA,NA,NA,NA,104227
2012-11-18,201247,22,22,22,22,0.957157,8.51894,0,1,410830420124719040,2022-02-12,2,2,258248,20,96,0,0,0,NA,NA,NA,NA,104227
2012-11-11,201246,10,10,10,10,0.535907,3.87225,0,1,410830420124619e3,2022-02-12,2,1,258248,19,88,0,0,0,NA,NA,NA,NA,104227
2012-11-04,201245,16,16,16,16,0.948635,6.19559,0,1,410830420124519040,2022-02-12,0,2,258248,20,93,0,0,0,NA,NA,NA,NA,104227
2012-10-28,201244,7,7,7,7,0.363162,2.71057,0,1,410830420124419e3,2022-02-12,1,1,258248,20,93,0,0,0,NA,NA,NA,NA,104227
2012-10-21,201243,8,8,8,8,0.331329,3.0978,0,1,410830420124319040,2022-02-12,0,1,258248,18,93,0,0,0,NA,NA,NA,NA,104227
2012-10-14,201242,8,8,8,8,0.259069,3.0978,0,1,410830420124219e3,2022-02-12,0,1,258248,16,93,0,0,0,NA,NA,NA,NA,104227
2012-10-07,201241,8,8,8,8,0.365671,3.0978,0,1,410830420124119040,2022-02-12,1,1,258248,20,87,0,0,0,NA,NA,NA,NA,104227
2012-09-30,201240,16,16,16,16,0.938591,6.19559,0,1,410830420124019e3,2022-02-12,0,2,258248,18,90,0,0,0,NA,NA,NA,NA,104227
2012-09-23,201239,6,6,6,6,0.253564,2.32335,0,1,410830420123919040,2022-02-12,1,1,258248,11,78,0,0,0,NA,NA,NA,NA,104227
2012-09-16,201238,9,9,9,9,0.597831,3.48502,0,1,410830420123819e3,2022-02-12,3,1,258248,15,92,0,0,0,NA,NA,NA,NA,104227
2012-09-09,201237,9,9,9,9,0.653751,3.48502,0,1,410830420123719040,2022-02-12,1,1,258248,17,95,0,0,0,NA,NA,NA,NA,104227
2012-09-02,201236,8,8,8,8,0.630018,3.0978,0,1,410830420123619e3,2022-02-12,1,1,258248,17,84,0,0,0,NA,NA,NA,NA,104227
2012-08-26,201235,7,7,7,7,0.668665,2.71057,0,1,410830420123519040,2022-02-12,2,1,258248,11,95,0,0,0,NA,NA,NA,NA,104227
2012-08-19,201234,8,8,8,8,0.855112,3.0978,0,1,410830420123419e3,2022-02-12,0,2,258248,18,79,0,0,0,NA,NA,NA,NA,104227
2012-08-12,201233,5,5,5,5,0.659957,1.93612,0,1,410830420123319040,2022-02-12,0,1,258248,17,81,0,0,0,NA,NA,NA,NA,104227
2012-08-05,201232,4,4,4,4,0.625709,1.5489,0,1,410830420123219e3,2022-02-12,0,1,258248,17,96,0,0,0,NA,NA,NA,NA,104227
2012-07-29,201231,4,4,4,4,0.605169,1.5489,0,1,410830420123119040,2022-02-12,1,1,258248,15,92,0,0,0,NA,NA,NA,NA,104227
2012-07-22,201230,4,4,4,4,0.303606,1.5489,0,1,410830420123019e3,2022-02-12,0,1,258248,15,95,0,0,0,NA,NA,NA,NA,104227
2012-07-15,201229,0,0,0,0,0,0,0,1,410830420122919040,2022-02-12,0,0,258248,8,97,0,0,0,NA,NA,NA,NA,104227
2012-07-08,201228,7,7,7,7,0.150207,2.71057,0,1,410830420122819e3,2022-02-12,0,1,258248,7,95,0,0,0,NA,NA,NA,NA,104227
2012-07-01,201227,7,7,7,7,0.107541,2.71057,0,1,410830420122719040,2022-02-12,0,1,258248,14,93,0,0,0,NA,NA,NA,NA,104227
2012-06-24,201226,14,14,14,14,0.657063,5.42115,0,1,410830420122619e3,2022-02-12,0,1,258248,14,96,0,0,0,NA,NA,NA,NA,104227
2012-06-17,201225,12,12,12,12,0.50976,4.6467,0,1,410830420122519040,2022-02-12,0,1,258248,14,98,0,0,0,NA,NA,NA,NA,104227
2012-06-10,201224,13,13,13,13,0.370247,5.03392,0,1,410830420122419e3,2022-02-12,0,1,258248,17,97,0,0,0,NA,NA,NA,NA,104227
2012-06-03,201223,10,10,10,10,0.037251,3.87225,0,1,410830420122319040,2022-02-12,0,1,258248,6,99,0,0,0,NA,NA,NA,NA,104227
2012-05-27,201222,11,11,11,11,0.0194222,4.25947,0,1,410830420122219e3,2022-02-12,0,0,258248,17,97,0,0,0,NA,NA,NA,NA,104227
2012-05-20,201221,25,25,25,25,0.489487,9.68062,0,1,410830420122119040,2022-02-12,0,1,258248,15,97,0,0,0,NA,NA,NA,NA,104227
2012-05-13,201220,19,19,19,19,0.138618,7.35727,0,1,410830420122019e3,2022-02-12,0,1,258248,12,95,0,0,0,NA,NA,NA,NA,104227
2012-05-06,201219,29,29,29,29,0.619247,11.2295,0,1,410830420121919040,2022-02-12,0,1,258248,16,97,0,0,0,NA,NA,NA,NA,104227
2012-04-29,201218,25,25,25,25,0.283846,9.68062,0,1,410830420121819e3,2022-02-12,0,1,258248,11,98,0,0,0,NA,NA,NA,NA,104227
2012-04-22,201217,28,28,28,28,0.271941,10.8423,0,1,410830420121719040,2022-02-12,0,1,258248,15,100,0,0,0,NA,NA,NA,NA,104227
2012-04-15,201216,23,23,23,23,0.0949829,8.90617,0,1,410830420121619e3,2022-02-12,0,1,258248,17,99,0,0,0,NA,NA,NA,NA,104227
2012-04-08,201215,42,42,42,42,0.844591,16.2634,0,1,410830420121519040,2022-02-12,0,1,258248,20,100,1,0,0,NA,NA,NA,NA,104227
2012-04-01,201214,29,29,29,29,0.154354,11.2295,0,1,410830420121419e3,2022-02-12,0,1,258248,17,93,0,0,0,NA,NA,NA,NA,104227
2012-03-25,201213,31,31,31,31,0.130056,12.004,0,1,410830420121319040,2022-02-12,0,1,258248,11,98,0,0,0,NA,NA,NA,NA,104227
2012-03-18,201212,37,37,37,37,0.390575,14.3273,0,1,410830420121219e3,2022-02-12,0,1,258248,19,92,0,0,0,NA,NA,NA,NA,104227
2012-03-11,201211,46,46,46,46,0.816643,17.8123,0,2,410830420121119040,2022-02-12,0,1,258248,20,91,1,0,0,NA,NA,NA,NA,104227
2012-03-04,201210,39,39,39,39,0.593872,15.1018,0,2,410830420121019e3,2022-02-12,0,1,258248,20,89,1,0,0,NA,NA,NA,NA,104227
2012-02-26,201209,34,34,34,34,0.394551,13.1656,0,2,410830420120919040,2022-02-12,0,1,258248,20,97,1,0,0,NA,NA,NA,NA,104227
2012-02-19,201208,44,44,44,44,0.700068,17.0379,0,2,410830420120819e3,2022-02-12,0,1,258248,22,93,1,0,0,NA,NA,NA,NA,104227
2012-02-12,201207,27,27,27,27,0.0269577,10.4551,0,2,410830420120719040,2022-02-12,0,1,258248,20,89,1,0,0,NA,NA,NA,NA,104227
2012-02-05,201206,43,43,43,43,0.323826,16.6507,0,2,410830420120619e3,2022-02-12,0,1,258248,22,90,1,0,0,NA,NA,NA,NA,104227
2012-01-29,201205,44,44,44,44,0.137003,17.0379,0,1,410830420120519040,2022-02-12,0,1,258248,21,88,1,0,0,NA,NA,NA,NA,104227
2012-01-22,201204,42,42,42,42,0.0262728,16.2634,0,1,410830420120419e3,2022-02-12,0,1,258248,21,93,1,0,0,NA,NA,NA,NA,104227
2012-01-15,201203,57,57,57,57,0.238122,22.0718,0,1,410830420120319040,2022-02-12,0,1,258248,20,92,0,0,1,NA,NA,NA,NA,104227
2012-01-08,201202,65,65,65,65,0.374607,25.1696,0,1,410830420120219e3,2022-02-12,0,1,258248,21,88,1,0,1,NA,NA,NA,NA,104227
2012-01-01,201201,65,65,65,65,0.0843461,25.1696,0,2,410830420120119040,2022-02-12,0,1,258248,17,91,0,0,1,NA,NA,NA,NA,104227
